{"baseline": {"loss": [4.469818748171677, 4.184677077071441, 4.0910737508398185, 4.02621619963585, 3.978535473499152, 3.928246232249853, 3.8866186080991154, 3.8499373572561746, 3.8155692276137563, 3.782073456917882, 3.7516390143148124, 3.728995192081422, 3.698872055848846, 3.6758840029196973, 3.657482164900016, 3.637961979717245, 3.617227632371361, 3.597979507787758, 3.587983952763745, 3.5719387025174583, 3.555440629534709, 3.545871700472234, 3.5330212122339115, 3.5190794772809117, 3.5100253768589185, 3.496019082301108, 3.4901740093670233, 3.482563813933936, 3.474482392411098, 3.4688738038777696, 3.464345094188095, 3.453189724241681, 3.4468093375720636, 3.4437728598904425, 3.4383866951593656, 3.4359581446098852, 3.4226865311107977, 3.4240082206628513, 3.4199083833133472, 3.4150213280602184, 3.414665558758904, 3.4137985931942834, 3.411534342314581, 3.4114248746496334, 3.406729821353922, 3.4018104295901326, 3.405186451304599, 3.401396691646722, 3.4065075109681815, 3.4045319947440302], "acc": [0.0467, 0.0612, 0.0742, 0.0931, 0.0994, 0.1071, 0.1163, 0.1192, 0.1308, 0.1371, 0.1404, 0.1446, 0.1495, 0.1558, 0.1564, 0.1603, 0.1649, 0.1707, 0.1662, 0.1715, 0.1761, 0.1798, 0.1859, 0.1846, 0.1857, 0.1917, 0.1916, 0.1909, 0.1866, 0.1904, 0.1965, 0.1967, 0.1963, 0.1963, 0.1967, 0.1964, 0.2017, 0.2026, 0.2008, 0.2033, 0.2006, 0.2047, 0.2049, 0.2057, 0.2055, 0.2052, 0.2048, 0.2047, 0.2047, 0.2045]}, "pfn": {"loss": [4.468132782470235, 4.255278665391381, 4.12495689135988, 4.029702951841037, 3.921794741964706, 3.8359540441761846, 3.7628865863965903, 3.7007830502736905, 3.6531189853882853, 3.606970308381883, 3.5720938849632087, 3.5413671832560274, 3.5147690797400903, 3.4831447924494436, 3.4589812523873564, 3.425525895774822, 3.413648609615043, 3.3900191546096217, 3.3682445211483696, 3.344934276302757, 3.326692198243592, 3.3078461540934376, 3.2941486920847, 3.2695637987092936, 3.2613633355826064, 3.2410539123408326, 3.228254227991909, 3.211395094766641, 3.198933834310078, 3.188881396027782, 3.1691014900841674, 3.1579406035830604, 3.14270707652392, 3.133360096865603, 3.124799396070983, 3.1108417925627334, 3.0989526434017876, 3.0991548058931784, 3.0825064090816565, 3.074879719473212, 3.0636183410654287, 3.053080611826514, 3.040738686881102, 3.0273624429922275, 3.0238605960250817, 3.015155409912929, 3.0085602044449438, 2.9936090582776864, 2.9906790646750605, 2.9752690420126364], "acc": [0.0366, 0.0516, 0.0646, 0.089, 0.0957, 0.1131, 0.1302, 0.142, 0.1449, 0.1586, 0.1642, 0.1701, 0.1779, 0.1791, 0.1852, 0.1911, 0.1893, 0.2022, 0.2056, 0.2031, 0.2085, 0.2149, 0.216, 0.2176, 0.2267, 0.2231, 0.225, 0.2372, 0.2354, 0.2365, 0.2438, 0.247, 0.2463, 0.2476, 0.2504, 0.2525, 0.2536, 0.2565, 0.2602, 0.257, 0.2591, 0.2641, 0.2647, 0.2655, 0.2737, 0.2656, 0.2746, 0.2727, 0.2712, 0.2782]}}