{"baseline": {"loss": [2.2735862160215574, 2.107835601178967, 2.038616949198197, 1.9923525914853932, 1.9605814960538124, 1.9386630331983372, 1.9176871429900735, 1.9037139099471423, 1.889461308109517, 1.8721632324919408, 1.8627588122474903, 1.8500189969734269, 1.838170360545723, 1.8321660677997433, 1.8214503757807674, 1.8125893358065157, 1.8045337498188019, 1.7959193599467376, 1.7898020196934135, 1.7787386300612469, 1.772522277369791, 1.7640131249719737, 1.7585290275057968, 1.7493628835191533, 1.745086092121747, 1.7353605463796733, 1.7319585650551075, 1.724045575881491, 1.7189752483854488, 1.7099689981158899, 1.7097749387731358, 1.7038681993679123, 1.6976535302035662, 1.6924248435059372, 1.690948247909546, 1.6866618054253715, 1.6811467913948759, 1.678969673964442, 1.674782865509695, 1.6712104586922392, 1.6679223301459332, 1.6663892786113583, 1.660255142012421, 1.6614821577558712, 1.656380939848569, 1.6565710877885624, 1.6521210859016495, 1.6476163657344118, 1.6478208005428314, 1.6449343981791515], "acc": [0.1785, 0.1992, 0.231, 0.2386, 0.2595, 0.2691, 0.2668, 0.2825, 0.2935, 0.2985, 0.2908, 0.2957, 0.2971, 0.3126, 0.3151, 0.3189, 0.3208, 0.3363, 0.3242, 0.3359, 0.3454, 0.3358, 0.3508, 0.3525, 0.3566, 0.3534, 0.3601, 0.3675, 0.3649, 0.3699, 0.373, 0.3727, 0.3784, 0.3781, 0.3761, 0.3862, 0.3867, 0.3799, 0.3891, 0.3912, 0.3901, 0.3943, 0.3919, 0.3953, 0.3937, 0.3996, 0.4009, 0.3957, 0.3939, 0.3978]}, "pfn": {"loss": [2.2448392851012096, 2.06554599744933, 2.0147590466908047, 1.9710940396299168, 1.9406529792717524], "acc": [0.2197, 0.2378, 0.2477, 0.2507, 0.2675]}}