{"baseline": {"loss": [1.9283467252236193, 1.700161738773746, 1.6065527307407936, 1.5442136292872222, 1.494926225193931, 1.4550165642252968, 1.4179557798158786, 1.3841671675367428, 1.3530278436058318, 1.3271278268693354, 1.3085314016360456, 1.2847264399156546, 1.2674422584988576, 1.2501529670889726, 1.2310385156013166, 1.2217942529627124, 1.2031315738892616, 1.1889329788934848, 1.1780935709586229, 1.16443165976678, 1.15129993539637, 1.1460627809052577, 1.1364748959651079, 1.122231218668506, 1.1157718835127017, 1.1051450925105064, 1.0992645217329644, 1.0932466483024685, 1.085048562349261, 1.0786694987198275, 1.0745137305668249, 1.066966963393609, 1.0622692639413087, 1.0595986663228105, 1.0550823543230285, 1.0537688382293866, 1.048856522039989, 1.0482974707165642, 1.0419084746057115, 1.0378615076432143, 1.0375869519570295, 1.0368440129110574, 1.034690319043596, 1.0352922078898497, 1.029695199045074, 1.0334484594709732, 1.028521085334251, 1.0278033555468635, 1.0288689568676912, 1.0287406074116603], "acc": [0.3711, 0.4144, 0.4499, 0.4671, 0.4784, 0.4936, 0.5085, 0.52, 0.5283, 0.5422, 0.5528, 0.5469, 0.5615, 0.5684, 0.5656, 0.5741, 0.5882, 0.5846, 0.5825, 0.587, 0.5948, 0.6004, 0.5936, 0.6062, 0.5886, 0.6113, 0.6125, 0.6163, 0.6218, 0.6235, 0.6182, 0.6236, 0.6235, 0.6192, 0.6257, 0.6294, 0.6308, 0.6286, 0.6281, 0.6298, 0.6315, 0.6352, 0.6367, 0.6341, 0.6352, 0.6363, 0.6363, 0.6356, 0.6362, 0.6357]}, "pfn": {"loss": [2.286062851548195, 2.219186633825302, 2.165071565657854, 2.1173757165670395, 2.103963065892458, 2.0850742049515247, 2.0651973336935043, 2.0476738177239895, 2.026965145021677, 2.017435971647501, 2.008222959935665, 1.9819415509700775, 1.982693798840046, 1.9685589522123337, 1.9618007466197014, 1.9560411870479584, 1.951042853295803, 1.9325120002031326, 1.9137352854013443, 1.9172112867236137, 1.9019178934395313, 1.9061759114265442, 1.8969668969511986, 1.8893988393247128, 1.8786116689443588, 1.8655572049319744, 1.8737980350852013, 1.8648626394569874, 1.8593230471014977, 1.8521285988390446, 1.8584462814033031, 1.846794717013836, 1.8429756984114647, 1.8410004191100597, 1.821846179664135, 1.8273752965033054, 1.8140142746269703, 1.8018721491098404, 1.8109773322939873, 1.8111663535237312, 1.7855360247194767, 1.8112805597484112, 1.803956750780344, 1.8052652589976788, 1.8008159846067429, 1.778123889118433, 1.7789001278579235, 1.7948007583618164, 1.7695384100079536, 1.7665881738066673], "acc": [0.1872, 0.2081, 0.2222, 0.2488, 0.2579, 0.261, 0.2808, 0.2961, 0.2957, 0.2978, 0.3084, 0.3236, 0.3208, 0.3268, 0.3296, 0.3083, 0.3418, 0.3401, 0.3379, 0.3519, 0.3355, 0.3274, 0.3583, 0.3653, 0.3593, 0.3474, 0.3773, 0.3636, 0.3697, 0.3624, 0.3676, 0.3723, 0.3618, 0.3786, 0.3717, 0.3749, 0.3884, 0.3822, 0.3798, 0.389, 0.3738, 0.3819, 0.3869, 0.3861, 0.395, 0.3851, 0.395, 0.3897, 0.3921, 0.393]}}