{"baseline": {"loss": [1.6915384232997894, 1.0716681480407715, 0.8771351650357246, 0.7629283517599106, 0.6724891662597656, 0.6089644655585289, 0.5518527887761593, 0.5333063080906868, 0.502189178019762, 0.48262737318873405], "acc": [0.7872, 0.8239, 0.8511, 0.864, 0.863, 0.8656, 0.8668, 0.866, 0.8669, 0.8667]}, "pfn": {"loss": [1.579552486538887, 0.992574468255043, 0.8441832289099693, 0.7172669246792793, 0.6247726231813431, 0.526154812425375, 0.4529896415770054, 0.39130261167883873, 0.3335544168949127, 0.28147230483591557], "acc": [0.7919, 0.8396, 0.856, 0.8557, 0.8619, 0.8547, 0.8648, 0.8466, 0.853, 0.8409]}}