{"loss": [0.6945913185675939, 0.25079191774129866, 0.17784687727689744, 0.13353456954161327, 0.10662715410192808, 0.08775914212067921, 0.07488892413675785, 0.06532696820795536, 0.05634748699764411, 0.05158615733186404, 0.04705741566916307, 0.04372580802688996, 0.04162527583539486, 0.04037584898372491, 0.040169846080243585], "acc": [0.9146, 0.9367, 0.9555, 0.9638, 0.9673, 0.9702, 0.9719, 0.9751, 0.9756, 0.9764, 0.9768, 0.978, 0.9785, 0.9781, 0.9781]}