{"loss": [0.7031403760115306, 0.26319296956062316, 0.18283895576993625, 0.13840623324116072, 0.10948993364969889, 0.0871496597925822, 0.07235244202117125, 0.06206467300653458, 0.051232329259316124, 0.04424557102223237, 0.03844671280433734, 0.03138316888362169, 0.02683662703881661, 0.023288180182377497, 0.019236374522248904], "acc": [0.9118, 0.9391, 0.9555, 0.9636, 0.9689, 0.9703, 0.9722, 0.9753, 0.9766, 0.9769, 0.9777, 0.9793, 0.9789, 0.9806, 0.979]}