{"baseline": {"loss": [1.9414536706017107, 1.7478884638422896, 1.6783128874686064, 1.628933719814281, 1.5899003988031841, 1.556975683745216, 1.5342171934559523, 1.509292478604085, 1.4885658638556596, 1.4689925226104228, 1.4489978170760758, 1.436181889470581, 1.4255064510933273, 1.4101592085855392, 1.3985096403704884, 1.3872863046653436, 1.3783328586527148, 1.370923013790794, 1.367232374522997, 1.357108635213369, 1.354608622048517, 1.3469003605110872, 1.343544817946451, 1.337275022435981, 1.338095546683387, 1.3326472028746934, 1.3336696514997946, 1.3325704768338167, 1.3329169874453484, 1.3308929559367393], "acc": [0.345, 0.3695, 0.4048, 0.4222, 0.4321, 0.446, 0.4549, 0.4684, 0.474, 0.4831, 0.4818, 0.4888, 0.492, 0.4989, 0.5045, 0.5011, 0.5093, 0.514, 0.5125, 0.5102, 0.5133, 0.5156, 0.5247, 0.5221, 0.5228, 0.5223, 0.5246, 0.5253, 0.5254, 0.5252]}, "pfn": {"loss": [1.9305540850705198, 1.7465405648626635, 1.6804286099760735, 1.6303060501432785, 1.576322920487055, 1.5295181617407543, 1.487346651456545, 1.4490111939742436, 1.4222172773097788, 1.3958758716388127, 1.375555855538839, 1.3570954572514196, 1.33797808909965, 1.3265679445108185, 1.3083951749155283, 1.2972130803653346, 1.2823016367604971, 1.2671275732614804, 1.2564091218249571, 1.2425968884811986, 1.234757552213986, 1.2289163781249004, 1.2176368983505328, 1.2065858872955109, 1.196134608343739, 1.189349576335429, 1.179033618220283, 1.1702331450131849, 1.1595289708708254, 1.1529852636634845], "acc": [0.3548, 0.3642, 0.4091, 0.4321, 0.4329, 0.468, 0.4768, 0.4859, 0.5044, 0.5058, 0.515, 0.5114, 0.5244, 0.529, 0.5411, 0.5475, 0.5502, 0.5606, 0.5619, 0.5656, 0.5667, 0.5795, 0.5763, 0.5845, 0.5873, 0.5873, 0.5924, 0.5839, 0.5979, 0.5974]}}