{"baseline": {"loss": [2.0560161738979574, 1.843104895280332, 1.7461972820515534, 1.6862555924726992, 1.638295511810147, 1.6015782575218045, 1.5699778266099034, 1.5528684963985366, 1.528859523486118, 1.5130294476236616, 1.4987409406778764, 1.4791282579606893, 1.4685369261673518, 1.4564906589838924, 1.4478562425593942, 1.434305149681714, 1.4301969621862685, 1.422136902809143, 1.4150395119676784, 1.408626870841396, 1.4034342942189197, 1.4003496565380875, 1.3976959726031946, 1.3973538449832372, 1.3925131091049738, 1.387706577169652, 1.3873962376798903, 1.3866213748649674, 1.3871530184940415, 1.38664560536949], "acc": [0.3081, 0.366, 0.3954, 0.4155, 0.4344, 0.4432, 0.4506, 0.4533, 0.4619, 0.4706, 0.4702, 0.4846, 0.485, 0.4895, 0.4906, 0.4967, 0.5021, 0.4966, 0.504, 0.5056, 0.5088, 0.5038, 0.5164, 0.5046, 0.5139, 0.5126, 0.5126, 0.5143, 0.5131, 0.5137]}, "pfn": {"loss": [2.3010568618774414, 2.2822268903255463, 2.2623784840106964, 2.2379312217235565, 2.2094057500362396, 2.182275176048279, 2.1591950058937073, 2.1447708308696747, 2.126885235309601, 2.113588035106659, 2.1059714257717133, 2.097776383161545, 2.0867518484592438, 2.079501062631607, 2.0753680765628815, 2.0718907713890076, 2.071059674024582, 2.064267009496689, 2.0586074590682983, 2.0532598197460175, 2.0508062541484833, 2.0479502081871033, 2.0511356592178345, 2.047973558306694, 2.0496014654636383, 2.0450040698051453, 2.0436806976795197, 2.0405541211366653, 2.0420405566692352, 2.044467017054558], "acc": [0.1149, 0.1328, 0.2087, 0.2228, 0.2296, 0.2222, 0.2419, 0.239, 0.25, 0.253, 0.2494, 0.249, 0.2616, 0.2605, 0.2729, 0.2695, 0.2749, 0.2717, 0.2774, 0.2799, 0.2836, 0.2786, 0.2825, 0.2797, 0.2818, 0.2842, 0.2834, 0.2847, 0.2846, 0.2842]}}