{"baseline": {"loss": [2.065298721765923, 1.7335444158300415, 1.5033846810040876, 1.3513223682065754, 1.2185067739480597, 1.1323937037411858, 1.0680258901375335, 1.0179559284311426, 0.9690492429849132, 0.9275158569788384, 0.887296999583159, 0.8511110562878801, 0.8113949886139702, 0.7733393329793535, 0.7481526026640402, 0.7137116834025858, 0.6813799638653655, 0.6517945297081452, 0.6288913283354182, 0.5994271034627314, 0.5767993064563902, 0.5590566507614482, 0.5402868488598662, 0.5207704638733583, 0.502031481784323, 0.4856897296807955, 0.4707388157963448, 0.45829158276319504, 0.44453643428166506, 0.4237842371168039, 0.4132644476564339, 0.3992108518586439, 0.38854549771836955, 0.3719967441714328, 0.36571448754585917, 0.352985733324457, 0.34474705420720303, 0.3341398783542616, 0.3275875459946787, 0.31728640530267943, 0.313987686453611, 0.30420749824103493, 0.3007236925880318, 0.2990916305414551, 0.29567432082484446, 0.288123338176009, 0.28636829730342417, 0.28880058685341453, 0.28330473447471016, 0.2813362110110805], "acc": [0.2926, 0.4083, 0.4626, 0.5381, 0.5706, 0.6226, 0.6268, 0.6236, 0.6509, 0.6396, 0.6812, 0.6989, 0.7002, 0.7295, 0.7206, 0.7498, 0.7526, 0.7612, 0.7779, 0.7734, 0.7856, 0.7866, 0.7948, 0.7978, 0.8061, 0.8048, 0.8056, 0.8157, 0.8142, 0.8182, 0.8257, 0.823, 0.8267, 0.824, 0.8303, 0.8296, 0.8275, 0.8267, 0.83, 0.8324, 0.8345, 0.8325, 0.8361, 0.8343, 0.8346, 0.8361, 0.8366, 0.8351, 0.8359, 0.8364]}, "pfn": {"loss": [1.9820976168908122, 1.6730596970414262, 1.4678979176846916, 1.307160336267003, 1.180791703331501, 1.0953436190514918, 1.0216011688532427, 0.9478639403115148, 0.8902804322559815, 0.8298654772360307, 0.7784740514005236, 0.7349711140936903, 0.6850529444949401, 0.655526329070101, 0.6298244428604155, 0.6014179786300415, 0.5762151874163571, 0.5528347480975454, 0.5278595361639472, 0.5165229742522435, 0.49039526712482845, 0.47759819436637335, 0.46371231426287185, 0.447354055560001, 0.4336509761945976, 0.4206110481029886, 0.40565529747692214, 0.39443054437027564, 0.3868548022797498, 0.3730202106487416, 0.36458013634509445, 0.34989869357336817, 0.3422561704617022, 0.343413247505341, 0.3226574914972953, 0.318856351115667, 0.3115482997920964, 0.2953523499200411, 0.2943031024044889, 0.2854803730602688, 0.2775410910844422, 0.2631153938362894, 0.2573245232615172, 0.24676133786587764, 0.23270663474221973, 0.22634513748099888, 0.21437580055316618, 0.1991385459766516, 0.18228819865323698, 0.16381325211633196], "acc": [0.3145, 0.4228, 0.5025, 0.5554, 0.5913, 0.6339, 0.6601, 0.6568, 0.6699, 0.6968, 0.7338, 0.7284, 0.7648, 0.7647, 0.7767, 0.7879, 0.7931, 0.7859, 0.8042, 0.8072, 0.8103, 0.8072, 0.8131, 0.82, 0.8216, 0.8276, 0.8254, 0.8351, 0.8385, 0.8267, 0.8374, 0.8384, 0.8425, 0.8406, 0.8419, 0.8417, 0.8444, 0.8487, 0.843, 0.8502, 0.8539, 0.841, 0.8479, 0.8565, 0.8477, 0.8538, 0.8504, 0.8596, 0.8616, 0.8588]}}