{"baseline": {"loss": [0.9623112045725186, 0.24502203525652488, 0.17395407295959692, 0.1471630390615513, 0.1270591443647941, 0.1060136073016872, 0.11626271816932907, 0.08772314244966643, 0.07894904862918581, 0.07458193219094537, 0.061767826974896405, 0.05743670302034588, 0.0508795919585294, 0.046914301403802046, 0.03848685989135411, 0.03772122833119744, 0.028149743851555588, 0.024973476017476546, 0.020490264307164278, 0.02019317283630177, 0.014890565174740172, 0.010875173551015435, 0.009976786965567802, 0.007302233680731342, 0.006206445913830233, 0.005056865477197012, 0.004363021903615504, 0.0037836875583235623, 0.00346031155125343, 0.003261110313642746], "acc": [0.9204, 0.9498, 0.9513, 0.8091, 0.9671, 0.966, 0.9633, 0.9667, 0.9719, 0.9725, 0.9724, 0.9699, 0.9726, 0.9757, 0.9723, 0.9775, 0.9773, 0.9787, 0.966, 0.9795, 0.98, 0.9798, 0.9807, 0.979, 0.9806, 0.9804, 0.9798, 0.9803, 0.9803, 0.9802]}, "pfn": {"loss": [0.8097202433625857, 0.2789010689496994, 0.21810556277421614, 0.1668022262889892, 0.16887385521469017, 0.13859607911352068, 0.12859119436362138, 0.11716725555279603, 0.12809804397113622, 0.10984264635859678, 0.12133040516404435, 0.09937356499959715, 0.09360439838062351, 0.09853233404774994, 0.11662278355490416, 0.1012231920329233, 0.08569733927003108, 0.0898656238806434, 0.08424703240773718, 0.05773351524552757, 0.08122010924241815, 0.07177120959274083, 0.06018884703617174, 0.06270923831914552, 0.059691496973768035, 0.05533549575235568, 0.052151028759779484, 0.04434230279839539, 0.043236695411931335, 0.03959691247856026], "acc": [0.9178, 0.9395, 0.9574, 0.9605, 0.9563, 0.9577, 0.9618, 0.9705, 0.9542, 0.9667, 0.9674, 0.9673, 0.9678, 0.969, 0.9408, 0.9723, 0.9606, 0.9724, 0.9744, 0.9759, 0.9742, 0.9749, 0.9668, 0.9719, 0.9691, 0.9712, 0.9762, 0.9708, 0.9791, 0.9767]}}