{"baseline": {"loss": [2.0256396927395643], "acc": [0.3277]}, "pfn": {"loss": [2.046054107194044], "acc": [0.2654]}}