{"loss": [1.7377994338671365, 0.6960851867993673, 0.40588591396808626, 0.2793069099386533, 0.21662455350160598, 0.18378900736570358, 0.16095957309007644, 0.140945769349734, 0.1299918902417024, 0.11899029985070228, 0.11237545808156331, 0.10825639391938845, 0.10433785319328308, 0.10418554544448852, 0.10155254503091177], "acc": [0.6879, 0.868, 0.9219, 0.9401, 0.9503, 0.9568, 0.9611, 0.9637, 0.9651, 0.9677, 0.9684, 0.9694, 0.9687, 0.9688, 0.9694]}