{"loss": [1.6495513637860617, 0.6584103643894196, 0.38776557048161825, 0.27342387040456134, 0.21231687714656194, 0.17667646457751593, 0.15131341367959977, 0.13414500206708907, 0.11675452664494515, 0.10265283013383547, 0.09055673256516457, 0.08256587013602257, 0.07691680106023947, 0.07150053506096204, 0.06375950189928213], "acc": [0.7358, 0.878, 0.9233, 0.9428, 0.9497, 0.9568, 0.9596, 0.964, 0.9688, 0.9707, 0.9725, 0.975, 0.9743, 0.9752, 0.9757]}