{"baseline": {"loss": [2.0538629384673373, 1.8287287603835671, 1.6995135357185287, 1.5870931914874487, 1.4872461843247315, 1.415469182389123, 1.3470431669634215, 1.2804192249872246, 1.2091598449921122, 1.1625290881006085, 1.0979519881764237, 1.0611107696075828, 1.0148466673432563, 0.9832353561508412, 0.9493240081534093, 0.9140479488640415, 0.8764837429839738, 0.8568885688270841, 0.8392775368933775, 0.8077027438854685, 0.7815459470967857, 0.7696605090584073, 0.7440479075422093, 0.7182652208269859, 0.7045386990114134, 0.690570489788542, 0.6723131011335217, 0.6607048499340914, 0.6375989736038812, 0.6217934200350119, 0.6149348735201116, 0.5987508236145487, 0.588831291515, 0.5740025759655603, 0.5649835576816481, 0.5592102447942812, 0.5525405469293497, 0.5423806092264701, 0.5276954067604882, 0.5303695899795513, 0.5133872800031487, 0.5144328452190574, 0.5085412093571254, 0.5039743761322937, 0.4989299308888766, 0.49856213343386746, 0.497031747078409, 0.4929788029011415, 0.4957260045470024, 0.4911002867988178], "acc": [0.2321, 0.3188, 0.4098, 0.4474, 0.4629, 0.4991, 0.5418, 0.5521, 0.5877, 0.6022, 0.6025, 0.6331, 0.6438, 0.6559, 0.6748, 0.6661, 0.6846, 0.6884, 0.6969, 0.6989, 0.6958, 0.7187, 0.7245, 0.7301, 0.7114, 0.7445, 0.7494, 0.7425, 0.7556, 0.754, 0.7629, 0.7597, 0.7632, 0.7622, 0.7666, 0.7686, 0.767, 0.7751, 0.776, 0.7768, 0.7796, 0.7807, 0.7812, 0.7836, 0.7846, 0.7855, 0.7869, 0.7846, 0.7846, 0.7859]}, "pfn": {"loss": [2.1014790449823653, 1.8019412415368217, 1.6331069615422462, 1.5222225730516472, 1.422660493729066, 1.3262464197314516, 1.2505862579053761, 1.1703829823099836, 1.1104285236524076, 1.0474280660249748, 0.9925897014992577, 0.9419251902371036, 0.9000892061360029, 0.866560268767026, 0.826332866841433, 0.7924464445333091, 0.7666717405830111, 0.729861822359416, 0.6980162098699686, 0.6761279388958094, 0.6538134323699134, 0.6304421531302589, 0.6005507458229454, 0.5916749980984902, 0.5620063769878173, 0.5548277471442612, 0.5296986268795266, 0.516159750521183, 0.5006170783724103, 0.48573526071042433, 0.4792819693684578, 0.45747669466904234, 0.4421899589348812, 0.43067293036348964, 0.4212765400202907, 0.40705007527555737, 0.39309192661728176, 0.3880361157412432, 0.375371195756051, 0.3637959836240934, 0.35943835836892224, 0.3463402980444383, 0.3296546865330667, 0.326187797194841, 0.31400118312057185, 0.30689295951505097, 0.29392263057584667, 0.2803135908075741, 0.26994642296007704, 0.25806939769156123], "acc": [0.2895, 0.3795, 0.4192, 0.459, 0.503, 0.518, 0.57, 0.5995, 0.6274, 0.6487, 0.6424, 0.6637, 0.6628, 0.6939, 0.7225, 0.7215, 0.7339, 0.7252, 0.7555, 0.7603, 0.769, 0.7636, 0.7646, 0.766, 0.7936, 0.7991, 0.7914, 0.8037, 0.8059, 0.8078, 0.8205, 0.8036, 0.8081, 0.8185, 0.8199, 0.8239, 0.8291, 0.8255, 0.8376, 0.8348, 0.8331, 0.8375, 0.8302, 0.8441, 0.8329, 0.8386, 0.8415, 0.8407, 0.8355, 0.8469]}}