{"baseline": {"loss": [0.39562536191642284, 0.17020587287098168, 0.11945475084508458, 0.09230548428321877, 0.07498720371586581, 0.06203312464039773, 0.05183483641293521, 0.04410935677324111, 0.03849427319842701, 0.032877959238520514, 0.0274926573547069, 0.0242979610403146, 0.020811747251978766, 0.01881309335003995, 0.016926680210465565, 0.014824800485791639, 0.012680387629122318, 0.01133417355834002, 0.009926541926451803, 0.008848355619814053, 0.00835566118642455, 0.007425748503302263, 0.006939024025513208, 0.006620639863370646, 0.005850995775174428, 0.006057165491450966, 0.005033872224847437, 0.005365818617662201, 0.004944147178161075, 0.005179149708832362], "acc": [0.9464, 0.9629, 0.9722, 0.9752, 0.977, 0.9791, 0.9801, 0.9797, 0.982, 0.9818, 0.981, 0.9811, 0.9844, 0.9838, 0.985, 0.9834, 0.9837, 0.9833, 0.984, 0.984, 0.9847, 0.9839, 0.984, 0.9843, 0.9844, 0.9853, 0.9849, 0.9851, 0.9851, 0.9852]}, "pfn": {"loss": [0.36488483519256115, 0.12730520399411518, 0.08523127323724329, 0.0643503216020142, 0.05269626033250242, 0.04375434690640929, 0.03490553033401569, 0.029887383165233768, 0.02525810692072264, 0.022774947320115948, 0.020441177614412543, 0.018914118400294683, 0.016720197885120677, 0.015650706704647747, 0.014277083265587862, 0.01272836601835952, 0.012643574745799196, 0.01211264492734311, 0.009270102298289642, 0.01089904162133627, 0.008813571183892342, 0.008978152249657251, 0.008757599398893035, 0.008132937606402418, 0.007175074265816359, 0.006783568543713757, 0.00679376012343317, 0.006160315705738435, 0.0059197053402328306, 0.004896457417156681], "acc": [0.9581, 0.9729, 0.9769, 0.9779, 0.9787, 0.9809, 0.9821, 0.9828, 0.984, 0.9818, 0.9839, 0.9842, 0.9827, 0.9833, 0.9826, 0.982, 0.984, 0.9832, 0.9845, 0.9848, 0.984, 0.9828, 0.9827, 0.984, 0.9859, 0.9841, 0.985, 0.9848, 0.9841, 0.9841]}}