{"baseline": {"loss": [1.9694233681539746, 1.748759196542413, 1.6672114091151207, 1.61855704339264, 1.5750417497456837, 1.5443565622924844, 1.5204087114699967, 1.4938986787710653, 1.4715479068134143, 1.4524586337911503, 1.435736247798061, 1.4230075908438933, 1.4083761417347451, 1.3902620316466408, 1.3807570324529468, 1.3658676950827888, 1.3553036695246197, 1.3439638337973134, 1.3316713016661232, 1.325105920319667, 1.3161520729284457, 1.3044700264320959, 1.2963142596242372, 1.2896086222985212, 1.2802489119417526, 1.2755021358389989, 1.2688223259223392, 1.2664746687845196, 1.2573094815396897, 1.252721445944608, 1.2449173925020505, 1.2427685388061396, 1.2403796815963657, 1.234066628815268, 1.2295084357871424, 1.2286031490853986, 1.226321251800908, 1.2209264947020488, 1.218890089513091, 1.216098609330404, 1.216622162810372, 1.2139049320269728, 1.2110265389732693, 1.2102170123163696, 1.2125501377350838, 1.2109009198215612, 1.210190889399375, 1.2077705854040277, 1.2108385230574157, 1.2066829658072928], "acc": [0.3332, 0.3642, 0.4003, 0.4179, 0.4299, 0.4394, 0.4534, 0.4701, 0.459, 0.4753, 0.4924, 0.496, 0.4987, 0.4996, 0.515, 0.5054, 0.52, 0.527, 0.5217, 0.5235, 0.5337, 0.5394, 0.5435, 0.5454, 0.548, 0.5448, 0.5493, 0.5514, 0.5598, 0.5614, 0.5641, 0.5671, 0.5646, 0.5648, 0.5617, 0.5684, 0.571, 0.5657, 0.5655, 0.5722, 0.5703, 0.5725, 0.5701, 0.5713, 0.5732, 0.5739, 0.5742, 0.575, 0.5738, 0.5746]}, "pfn": {"loss": [1.959622389062896, 1.7367799564090836, 1.6595886363397778, 1.6128065778166436, 1.5741217732429504, 1.5312333549075114, 1.491547901154784, 1.4449807100588707, 1.4184897301142172, 1.3924115775033945, 1.3673691331882916, 1.346805304669968, 1.3288835305387101, 1.307575986284734, 1.2855265871490664, 1.2717878361187323, 1.2573991575661827, 1.240396960769468, 1.2309957039173303, 1.2151258330211006, 1.2003164577971943, 1.1928812366769748, 1.1798062621022734, 1.165750235166696, 1.156259095501107, 1.1483748173317336, 1.1345379361716073, 1.1300542938434863, 1.1150244866185786, 1.1102715420448566, 1.0993905963800144, 1.094226141643646, 1.0830226099247213, 1.078414113625236, 1.0688483514596738, 1.0610315978831952, 1.0555180117602239, 1.0491023040793437, 1.038982598525484, 1.0343176952713287, 1.032873969706123, 1.0206517786778453, 1.0134582627764748, 1.0129342503712306, 1.0009176289791342, 1.0000757185546942, 0.9935853875354123, 0.984415777122883, 0.9756932936208632, 0.9646540274248099], "acc": [0.3462, 0.3842, 0.4067, 0.4269, 0.4351, 0.466, 0.4705, 0.4979, 0.5004, 0.5178, 0.5247, 0.5231, 0.5388, 0.5223, 0.5499, 0.5422, 0.5518, 0.5549, 0.5769, 0.5725, 0.5818, 0.586, 0.5943, 0.5886, 0.5964, 0.5928, 0.6026, 0.6011, 0.6061, 0.6094, 0.6234, 0.6256, 0.6254, 0.6252, 0.6336, 0.6373, 0.6357, 0.64, 0.6286, 0.6414, 0.6395, 0.6436, 0.6469, 0.6487, 0.6506, 0.6401, 0.6531, 0.6603, 0.6594, 0.663]}}