{"baseline": {"loss": [4.312384207230394, 4.049229666400139], "acc": [0.0778, 0.1008]}, "pfn": {"loss": [4.3051995432285395, 3.9570526180364896], "acc": [0.0873, 0.1142]}}