{"baseline": {"loss": [1.741774180713965, 1.459322775505027, 1.3429998360118087, 1.2712962493604543, 1.21217766008815, 1.1745133028954875, 1.1387316146675421, 1.1094933252553552, 1.086635595681716, 1.0640447033303124, 1.0456412087897866, 1.0271846752385705, 1.0061115795860485, 0.9882613268433785, 0.9792847298845953, 0.9652625586913557, 0.9545012365798561, 0.9382671443175297, 0.9309337899392965, 0.9166094770236891, 0.9133444370663896, 0.9026121773890087, 0.8937245522226606, 0.8877642008723045, 0.8794620383758934, 0.8728645681118479, 0.8603189493320427, 0.8581369330688399, 0.8525434917941386, 0.847235592348235, 0.8413487681928946, 0.8390210955118647, 0.8327712900176341, 0.828110549522906, 0.8255807152208017, 0.8217363682936649, 0.8185375180779672, 0.81484704236595, 0.8141154382301836, 0.8133568785020283, 0.8095065075524, 0.8088840626332224, 0.8072533659180816, 0.8052684543084125, 0.8031504166369535, 0.803370473944411, 0.8017908465497348, 0.8009790477095818, 0.8015615380540186, 0.8036900308667397], "acc": [0.4285, 0.4942, 0.511, 0.5592, 0.5624, 0.5868, 0.5661, 0.5824, 0.5957, 0.6234, 0.6332, 0.6394, 0.6451, 0.6448, 0.6455, 0.6382, 0.6341, 0.6574, 0.6635, 0.6642, 0.6629, 0.6831, 0.6756, 0.6792, 0.6762, 0.678, 0.6913, 0.6836, 0.6871, 0.6859, 0.6954, 0.6996, 0.6956, 0.6994, 0.7009, 0.7019, 0.7022, 0.7004, 0.7061, 0.706, 0.7095, 0.7078, 0.7109, 0.7092, 0.7089, 0.7084, 0.7106, 0.7098, 0.7106, 0.7098]}, "pfn": {"loss": [1.7425964821358115, 1.4526151418685913, 1.3303013754134276, 1.2476662756228933, 1.1927131092061802, 1.152020931548002, 1.1087922590727708, 1.0765775676284517, 1.0472384390174125, 1.0214794031819519, 0.999695671760306, 0.9821379650004056, 0.9641542969917765, 0.9503113186481048, 0.9302064739927953, 0.9167150772955953, 0.8981461293843328, 0.8886785349067376, 0.8751738153550089, 0.8660868877659038, 0.8527089101927621, 0.8411114276671896, 0.8351946178139472, 0.8201671558983472, 0.81580630096854, 0.8041340094439837, 0.7977015619375267, 0.7896531601341403, 0.7847315167285958, 0.7769822463089106, 0.7667969608185242, 0.7602943683765373, 0.759426764383608, 0.7487603422938561, 0.7392426364275874, 0.7396924629503366, 0.7294763956142931, 0.7187824988243531, 0.7213877801384244, 0.7135488415250972, 0.7070018147327461, 0.7018400318160349, 0.6982895053771078, 0.696033601858178, 0.6906429951896473, 0.6821726895108515, 0.6845960775200202, 0.6739037252810537, 0.6718334433983784, 0.663760637750431], "acc": [0.4462, 0.4989, 0.5463, 0.5343, 0.5895, 0.5865, 0.6136, 0.5975, 0.6158, 0.6393, 0.6497, 0.6548, 0.6418, 0.6518, 0.6518, 0.6476, 0.6666, 0.6737, 0.6804, 0.6771, 0.6961, 0.69, 0.6648, 0.6945, 0.6809, 0.6811, 0.6884, 0.7016, 0.7079, 0.7224, 0.7203, 0.7137, 0.7189, 0.714, 0.7081, 0.7208, 0.7251, 0.719, 0.7019, 0.7053, 0.7306, 0.7145, 0.7263, 0.7175, 0.7266, 0.7314, 0.7275, 0.7386, 0.7305, 0.7445]}}