{"baseline": {"loss": [0.9473515517517194, 0.38073169458300066, 0.2664033766549978, 0.21000317632675425, 0.17438609141117728, 0.15046686469626896, 0.13028622386671268, 0.11786929854273256, 0.10263839924136109, 0.0932390881843293, 0.08488383734904563, 0.07851944512415573, 0.0707837079566266, 0.06645357326221174, 0.060363799017091505, 0.05594419170943484, 0.051982395689257346, 0.050051444325782755, 0.045619238223602525, 0.043957206376168984, 0.04118700329336459, 0.03974002379917109, 0.03822532361537131, 0.03781286623368143, 0.03663304927106053, 0.03498905562800166, 0.03490152139043404, 0.03320462803524146, 0.034090036314404285, 0.033739291405035204], "acc": [0.8876, 0.9269, 0.9445, 0.9503, 0.9569, 0.9624, 0.9658, 0.9699, 0.9679, 0.9692, 0.9733, 0.9732, 0.9726, 0.9737, 0.975, 0.9748, 0.975, 0.9748, 0.9761, 0.9752, 0.9757, 0.9758, 0.9759, 0.9759, 0.9761, 0.9764, 0.9762, 0.976, 0.9764, 0.9764]}, "pfn": {"loss": [0.9746824088317754, 0.3837096272215152, 0.2660549349074107, 0.21313437014849965, 0.17788104112071396, 0.1483011650634425, 0.13031875794586628, 0.11292085697256855, 0.09924124260998961, 0.08982306310454252, 0.07922003960469241, 0.07122494446074984, 0.0643236380470579, 0.06027807507153624, 0.05299345715488218, 0.048302973765057766, 0.04390896999325329, 0.04149060855832582, 0.0392917531472606, 0.035261588200600616, 0.03446598386298667, 0.02982320435979872, 0.02809885654894229, 0.026357475325896114, 0.023588674139916034, 0.02330928891650843, 0.019843125222800937, 0.018757887620991197, 0.017294602076716493, 0.015451206027381573], "acc": [0.8759, 0.9249, 0.943, 0.9508, 0.9567, 0.962, 0.9644, 0.9675, 0.969, 0.9695, 0.971, 0.9716, 0.9732, 0.9755, 0.9747, 0.9753, 0.9762, 0.9765, 0.9764, 0.9771, 0.9773, 0.9781, 0.9776, 0.9778, 0.9786, 0.9785, 0.9781, 0.9779, 0.9788, 0.9794]}}