{"baseline": {"loss": [1.0640842680896778, 0.2559172255771437, 0.16263787055920279, 0.1327652648703924, 0.11425645886284949, 0.09542432739468876, 0.09485932523265544, 0.06930463567603506, 0.06335278668041616, 0.0590421520471414, 0.049414108536873405, 0.04251087672233932, 0.03953411805521097, 0.032474066291353416, 0.028950282913096037, 0.02678169899627004, 0.020410216879084092, 0.016409010526940174, 0.013013038233968864, 0.010361524425431588, 0.009520416230433995, 0.005770294504868534, 0.004885924397381808, 0.00349885471546047, 0.0024433071697925576, 0.0021079926901139815, 0.0017991533706656526, 0.001233491206386048, 0.0010688926813282873, 0.001006453972092787], "acc": [0.9057, 0.9422, 0.9585, 0.9532, 0.9663, 0.9671, 0.9676, 0.9703, 0.972, 0.9716, 0.9742, 0.9744, 0.9769, 0.9777, 0.9774, 0.9799, 0.9784, 0.9779, 0.9773, 0.9782, 0.9785, 0.9782, 0.9794, 0.9793, 0.9781, 0.9789, 0.9788, 0.9796, 0.9794, 0.9793]}, "pfn": {"loss": [0.8454297905855341, 0.2319677458531948, 0.17488308652822396, 0.1302213553966744, 0.10552888445785519, 0.1096236000352823, 0.07932474576038565, 0.08074597104329433, 0.06933365694506824, 0.0824761948190696, 0.058964516556916584, 0.056149660362000725, 0.05618894635141194, 0.06038520300660584, 0.04599225720951531, 0.0430173441276961, 0.04034378238378586, 0.04056397827563007, 0.04136908848475263, 0.03210852590649498, 0.02782183924831933, 0.0314964811223423, 0.026179720352677543, 0.03495584341819193, 0.021679284438815696, 0.025664638521934815, 0.018956097429618665, 0.014532927345155804, 0.013383908546384753, 0.00810151301747523], "acc": [0.9014, 0.9544, 0.9581, 0.9641, 0.9648, 0.9695, 0.9703, 0.9717, 0.9708, 0.9718, 0.9703, 0.9732, 0.9734, 0.9728, 0.9711, 0.9766, 0.9763, 0.9758, 0.9671, 0.9769, 0.975, 0.9759, 0.9744, 0.973, 0.9747, 0.9757, 0.974, 0.9791, 0.9782, 0.9794]}}