{"loss": [1.7543365875879924, 0.6859874069690705, 0.40655431648095447, 0.29232414315144223, 0.23220756153265634, 0.19371884763240815, 0.16774709522724152, 0.14940314143896102, 0.13582757140199345, 0.12516936510801316, 0.12200974995891253, 0.11294570391376814, 0.11045261149605115, 0.10805710678299268, 0.10910017440716425], "acc": [0.7049, 0.8818, 0.9189, 0.9374, 0.9475, 0.9548, 0.9586, 0.9619, 0.9649, 0.9653, 0.9668, 0.9664, 0.9668, 0.9666, 0.9671]}