{"loss": [1.8002290368080138, 0.7652795553207398, 0.4401387224594752, 0.30246747136116026, 0.22992320011059444, 0.1820609653989474, 0.15779841244220733, 0.13697548856337866, 0.12112095852692922, 0.1107227067152659, 0.09611330702900886, 0.08719060570001602, 0.07761094483236472, 0.07131514189143975, 0.06547945166627565], "acc": [0.7075, 0.868, 0.9177, 0.9399, 0.9499, 0.9573, 0.9619, 0.9636, 0.9689, 0.9695, 0.9725, 0.9759, 0.9751, 0.9752, 0.9755]}