{"baseline": {"loss": [1.9962105144320241, 1.7638091007461938, 1.675754466630004, 1.616575602680216, 1.5721363512146505, 1.5349725091548831, 1.4988477242267346, 1.469949138438915, 1.4436034869659893, 1.4189269981725747, 1.4010657931837585, 1.3825496755292654, 1.3652714067103002, 1.3556589988796302, 1.342309131646705, 1.3325735034845065, 1.3228341780050332, 1.3105245517647786, 1.3007234679463575, 1.2973410037472426, 1.2904867427733244, 1.2852349250822726, 1.2807443306574127, 1.2779045867188203, 1.276722126299768, 1.2741021558146952, 1.269429824846175, 1.2692669681880786, 1.2669587787764762, 1.2677699601863657], "acc": [0.3575, 0.387, 0.4046, 0.4363, 0.4518, 0.462, 0.4705, 0.4903, 0.5015, 0.502, 0.51, 0.5099, 0.5167, 0.5295, 0.5135, 0.5329, 0.5349, 0.5348, 0.5381, 0.5405, 0.5501, 0.5462, 0.5535, 0.5512, 0.5499, 0.5459, 0.5512, 0.5497, 0.5504, 0.55]}, "pfn": {"loss": [2.29769766330719, 2.264082044363022, 2.2220999896526337, 2.181483492255211, 2.1467910408973694, 2.126793786883354, 2.1110680252313614, 2.101522296667099, 2.087626025080681, 2.07600449770689, 2.069250352680683, 2.058079294860363, 2.0532491356134415, 2.043108470737934, 2.038866512477398, 2.032512813806534, 2.0245325416326523, 2.0216784477233887, 2.020355239510536, 2.0070182979106903, 2.012256793677807, 1.9989189878106117, 2.0044219866394997, 2.0072266831994057, 1.9964658617973328, 2.00052672624588, 1.9944487810134888, 1.9919927045702934, 1.988624431192875, 1.9919833689928055], "acc": [0.1029, 0.1568, 0.1953, 0.2143, 0.226, 0.2218, 0.2571, 0.2503, 0.2628, 0.2716, 0.2875, 0.2795, 0.2922, 0.2914, 0.2896, 0.3016, 0.2956, 0.3076, 0.3066, 0.3075, 0.3069, 0.313, 0.3113, 0.3128, 0.3131, 0.3125, 0.3155, 0.3156, 0.3145, 0.3147]}}