{"baseline": {"loss": [4.469453400495101, 4.190292674667981, 3.9702335255486623, 3.763134485604812, 3.596957790608309, 3.4448692932420846, 3.310832622099896, 3.1736001980548, 3.0792602543928185, 2.9723824615381202, 2.8745206789094575, 2.7761793793464196, 2.6973892426004213, 2.6075488547889556, 2.5376412673872344, 2.4628553645951405, 2.403467852242139, 2.343546193473193, 2.2798580648947735, 2.226889987989348, 2.1824681144587847, 2.131762299002433, 2.0753418012541167, 2.039222295795168, 1.9945005719759026, 1.9521546126628408, 1.9096167142293892, 1.868583773471871, 1.8237889859141136, 1.7910172337171983, 1.7599555126258306, 1.7289689870513216, 1.6991114129825515, 1.6675368480536403, 1.641079186176767, 1.606036354084404, 1.5853117442860896, 1.552394033694754, 1.530456314889752, 1.4992262666322747, 1.4802749333332996, 1.4623625035188637, 1.4374713107031218, 1.4194732490850954, 1.3826475775971705, 1.3683021920067924, 1.3390215057499555, 1.3320744603264087, 1.3098669240669327, 1.2921023180290145, 1.2706577370361405, 1.256333561880248, 1.228303729879613, 1.210207656329992, 1.206370476557284, 1.1887425825912126, 1.1693126033155286, 1.1623619496822357, 1.1362287298757203, 1.1251992698834867, 1.108094785590561, 1.0987366462240413, 1.0825415569908765, 1.0699309658031075, 1.0561659552004872, 1.044129739306411, 1.0314885207584925, 1.0245773643255234, 1.006518534555727, 1.0082378360081692, 0.9909457804597154, 0.9758955419671779, 0.9674534651697898, 0.9526175144983797, 0.9547698719769108, 0.9414236986515473, 0.930756250206305, 0.9267841875553131, 0.9145522303118998, 0.9089677087506469, 0.9006790661690186, 0.90060877070135, 0.8895680691514697, 0.8857275116808561, 0.8819654468370943, 0.8738263118631986, 0.8685315154036697, 0.8695552689688546, 0.8644026390143803, 0.8609051211756102, 0.8560619953335548, 0.8583182327601374, 0.8533589721334224, 0.8536299832013189, 0.8451359527451652, 0.84423072666538, 0.8435521107547137, 0.8408373840609376, 0.8454557800171326, 0.8444666236030812], "acc": [0.0312, 0.0671, 0.1017, 0.1333, 0.166, 0.193, 0.2231, 0.2345, 0.2634, 0.275, 0.2915, 0.3133, 0.3315, 0.3313, 0.3526, 0.3554, 0.3722, 0.3786, 0.3855, 0.4004, 0.4015, 0.4107, 0.4141, 0.4257, 0.4359, 0.4451, 0.4438, 0.4608, 0.4628, 0.4601, 0.4716, 0.4729, 0.4803, 0.4841, 0.4838, 0.4933, 0.4931, 0.4991, 0.4869, 0.497, 0.5061, 0.4957, 0.5176, 0.5058, 0.5119, 0.522, 0.5114, 0.5137, 0.5082, 0.5237, 0.5185, 0.5245, 0.528, 0.5223, 0.5309, 0.5275, 0.5238, 0.5277, 0.5338, 0.5339, 0.534, 0.5357, 0.5326, 0.5357, 0.538, 0.538, 0.5339, 0.5352, 0.5423, 0.5362, 0.5386, 0.5355, 0.5393, 0.5398, 0.5379, 0.5379, 0.5398, 0.5448, 0.5433, 0.539, 0.5417, 0.5435, 0.5435, 0.542, 0.5441, 0.544, 0.5444, 0.5443, 0.5414, 0.543, 0.5446, 0.5458, 0.5452, 0.5463, 0.5464, 0.5449, 0.546, 0.5457, 0.5457, 0.546]}, "pfn": {"loss": [4.606598435616006, 4.409487571035113, 4.126438837878558, 3.9581288354737416, 3.8032108569631773, 3.6656234665792815, 3.548721212513593, 3.427028708311976, 3.3229891609172433, 3.2131984854231077, 3.125902598001519, 3.0374873110226224, 2.949820345761825, 2.887903985928516, 2.8221376842382004, 2.7674253400491207, 2.7027918136849696, 2.63589652825375, 2.598028200013297, 2.521169281735712, 2.4777989947066015, 2.435547809211575, 2.3877148762041207, 2.3505399798860354, 2.2910440941246186, 2.2538327307117227, 2.211151379711774, 2.171870912824358, 2.130946144765737, 2.095185090084465, 2.060301292307523, 2.0384282463667343, 1.9928569550416908, 1.964934922602712, 1.9361028628689902, 1.911910882409738, 1.878986416422591, 1.8591973337591912, 1.8251346294977226, 1.8106291458314778, 1.7842617478905891, 1.7505682080375904, 1.7326781883531688, 1.7165680904777683, 1.6946894958311198, 1.6653816158674202, 1.6513986982861344, 1.6322268563873914, 1.6133891952281096, 1.5986986938787966, 1.5745194384029932, 1.5573284127274338, 1.5342046661036355, 1.5330569196720512, 1.5013498493603297, 1.499012169181084, 1.4837562995297569, 1.460307522087681, 1.4457270478715702, 1.4256781382220132, 1.4097348062359556, 1.4019998500541764, 1.3931931603928, 1.3709609295640672, 1.3583926114500786, 1.3471979663080098, 1.329608296861454, 1.313615320288405, 1.3038313784161393, 1.2949515194917212, 1.2816492738772411, 1.2581335172361257, 1.2554109376304003, 1.2446949564072551, 1.2390254407512897, 1.2258880351270949, 1.2116514900509192, 1.1966980318633877, 1.1830612633909499, 1.178499916682438, 1.1574529251273797, 1.1541602985591304, 1.1424433272712085, 1.132085743607307, 1.1193815442372341, 1.103472853497583, 1.094723983382692, 1.08517616166144, 1.0622722889695848, 1.0570030835818272, 1.0436069840679363, 1.031302769269262, 1.015738625915683, 1.004715808192078, 0.9829008521474137, 0.9682910445393348, 0.953577350292887, 0.9345762334307846, 0.9096793115747218, 0.8846944537089796], "acc": [0.01, 0.0371, 0.0636, 0.0919, 0.1283, 0.1504, 0.1702, 0.1955, 0.2159, 0.2312, 0.2457, 0.2611, 0.2727, 0.271, 0.2803, 0.297, 0.306, 0.3235, 0.3342, 0.337, 0.3433, 0.3531, 0.3689, 0.3686, 0.3884, 0.3871, 0.3911, 0.402, 0.4106, 0.4296, 0.4192, 0.4227, 0.4338, 0.4408, 0.4304, 0.461, 0.4442, 0.4564, 0.4363, 0.4551, 0.4622, 0.4709, 0.4536, 0.4751, 0.4692, 0.4772, 0.489, 0.4763, 0.4759, 0.4936, 0.4892, 0.4977, 0.4897, 0.4969, 0.4838, 0.4915, 0.5003, 0.497, 0.506, 0.4987, 0.494, 0.4914, 0.5046, 0.5061, 0.5143, 0.5102, 0.5198, 0.5131, 0.5095, 0.5141, 0.5096, 0.5108, 0.5133, 0.5173, 0.517, 0.5198, 0.5182, 0.5291, 0.5256, 0.5316, 0.5201, 0.5238, 0.5288, 0.5258, 0.5295, 0.5289, 0.5332, 0.5336, 0.5332, 0.5276, 0.5285, 0.5383, 0.5335, 0.5364, 0.5369, 0.5337, 0.5428, 0.539, 0.5428, 0.544]}}