{"baseline": {"loss": [4.6065371133843245, 4.606074192086044, 4.450438134524287, 4.269510609763009, 4.062095486387914, 3.9173943412547207, 3.7953374288520036, 3.7002773844465917, 3.597591061981357, 3.5201136068421968, 3.4413265111495037, 3.37570168777388, 3.3048883798171063, 3.248122120390133, 3.1859192239994907, 3.1254162885704817, 3.081186739765868, 3.0235282498963025, 2.988426133077972, 2.9491769634947484, 2.8982807616798247, 2.8569431207617937, 2.8225987541432285, 2.778701833316258, 2.7333336703631343, 2.7034720985256895, 2.6550568488179422, 2.6307122974979635, 2.5865515105578365, 2.5594020765654895, 2.515154986965413, 2.487140470621537, 2.455725370621195, 2.4239104232009576, 2.4128423661601786, 2.370740703174046, 2.3530431961526674, 2.317154906233963, 2.290246236081026, 2.269799130303519, 2.2390905180755927, 2.2250830324328676, 2.1884637560163225, 2.1750456338026085, 2.162140870580868, 2.1522438477496713, 2.1180402149959487, 2.1008470265232786, 2.086498759230789, 2.0643241089217517, 2.052777599315254, 2.0461095608010584, 2.0258646753369547, 2.004824238164084, 1.9931031015454506, 1.978782552845624, 1.964754240853446, 1.9543023900109895, 1.9390528165564245, 1.932460134126702, 1.9210724903612721, 1.903583756514958, 1.897907176796271, 1.891467469079154, 1.866432936824098, 1.8696448304215256, 1.8545192273295656, 1.850185093831043, 1.8379441353739525, 1.8343824841538254, 1.828589916229248, 1.8192114708374958, 1.8107373604969101, 1.7971251984031833, 1.7920771983205055, 1.7858599047271573, 1.7854565163047946, 1.778128838052555, 1.767557060231968, 1.7705105336344973, 1.7631463992352387, 1.750093743509176, 1.7545105583813725, 1.7448894174731508, 1.7453010520156549, 1.7433159764932127, 1.7430412027300621, 1.7357856838070616, 1.7373232634700075, 1.7287180034481748, 1.7325802262948484, 1.7288110986047862, 1.7193483698124787, 1.721064964119269, 1.7203315082861452, 1.7205376004686161, 1.7213343394045928, 1.720762247941932, 1.7239172628947668, 1.7174339197119888], "acc": [0.01, 0.0095, 0.0209, 0.0452, 0.073, 0.0921, 0.1189, 0.1333, 0.1585, 0.169, 0.1839, 0.1989, 0.2073, 0.2181, 0.2337, 0.243, 0.244, 0.2551, 0.2625, 0.2681, 0.2711, 0.2854, 0.2936, 0.2938, 0.3069, 0.3135, 0.3091, 0.3183, 0.3245, 0.3372, 0.3468, 0.3415, 0.3541, 0.3587, 0.3658, 0.3634, 0.3678, 0.3759, 0.377, 0.3797, 0.3844, 0.3934, 0.3909, 0.3976, 0.3959, 0.4041, 0.4046, 0.4034, 0.4066, 0.4174, 0.4101, 0.4145, 0.4126, 0.4281, 0.4307, 0.4296, 0.4327, 0.4283, 0.4317, 0.4309, 0.4384, 0.4433, 0.4396, 0.4446, 0.4444, 0.444, 0.4433, 0.442, 0.4493, 0.4505, 0.45, 0.4476, 0.4516, 0.4527, 0.4526, 0.4548, 0.4555, 0.4562, 0.4575, 0.4587, 0.4568, 0.4583, 0.46, 0.4587, 0.4556, 0.4574, 0.4583, 0.4585, 0.458, 0.4606, 0.4584, 0.4596, 0.4583, 0.4613, 0.4602, 0.4608, 0.4603, 0.4604, 0.4603, 0.4603]}, "pfn": {"loss": [4.597117735415089, 4.382966114550221, 4.246676839127833, 4.076761834475459, 3.9324822571812845, 3.8141691100840664, 3.6946090192210916, 3.5934433937072754, 3.485335089722458, 3.3950255792968127, 3.310107571738107, 3.242345873190432, 3.166051292906002, 3.095393849878895, 3.02174305429264, 2.9712058986936296, 2.9145562989371165, 2.857597068864472, 2.790109155129413, 2.7392272097723827, 2.6918539271062736, 2.6314567643768934, 2.599548940755883, 2.559031754123921, 2.5072207548180403, 2.4445194224922027, 2.435295910251384, 2.391828629435325, 2.360279212192613, 2.304189810947496, 2.269790749160611, 2.2317466857481976, 2.2045938433433068, 2.1841095892750486, 2.158774143579055, 2.12158190230934, 2.08781374473961, 2.0822518613873697, 2.0503474376639543, 2.008567756536056, 1.996916526434373, 1.9746254682540894, 1.9437239668807205, 1.9217735382975365, 1.8994274516494907, 1.8837942931116844, 1.8754467088349012, 1.8409437743984922, 1.8125876589697234, 1.8147330563895556, 1.7870803219931466, 1.7766915146185427, 1.7666286801805302, 1.7452560724044333, 1.7160300381329594, 1.698450728338592, 1.6902752044249554, 1.673312741882947, 1.6560566011740236, 1.6553436639357586, 1.6324672784124101, 1.628861468665454, 1.612358740397862, 1.6018080090989872, 1.5888630565331907, 1.5799412678699105, 1.5596076018956242, 1.5470242013736648, 1.5389553308486938, 1.5172927075502824, 1.5068989432587916, 1.5020713988615542, 1.48844539997529, 1.4735300905850468, 1.4674983717957322, 1.4583420899449562, 1.4363012496305971, 1.429363141254503, 1.422418936174743, 1.4120803134781974, 1.3981328290335986, 1.3951896793988285, 1.3757396960745052, 1.3687257730230993, 1.3661014778273446, 1.3547046269689287, 1.3338009410974931, 1.3246093295058425, 1.319970531123025, 1.312235407683314, 1.296057437147413, 1.2927073520057055, 1.2805893348187816, 1.276263019260095, 1.2526811081535962, 1.241961023029016, 1.2309909304794, 1.2002080618118753, 1.19730217420325, 1.1813397735965496], "acc": [0.0168, 0.0265, 0.0407, 0.0693, 0.0889, 0.1122, 0.1316, 0.1602, 0.1781, 0.1876, 0.1948, 0.2157, 0.2316, 0.2429, 0.2588, 0.2686, 0.282, 0.2863, 0.2995, 0.3125, 0.3161, 0.3227, 0.3311, 0.3361, 0.3464, 0.356, 0.3555, 0.3637, 0.3733, 0.3887, 0.3806, 0.3928, 0.3997, 0.3947, 0.4094, 0.4, 0.4042, 0.4172, 0.4211, 0.416, 0.4294, 0.4272, 0.4364, 0.4418, 0.4262, 0.4487, 0.4443, 0.4514, 0.447, 0.4542, 0.4597, 0.469, 0.4587, 0.4563, 0.4726, 0.4654, 0.4746, 0.4775, 0.4777, 0.4799, 0.4784, 0.4739, 0.4796, 0.4773, 0.4901, 0.4828, 0.4823, 0.4918, 0.4907, 0.4965, 0.4944, 0.4955, 0.4918, 0.5045, 0.4948, 0.5008, 0.4947, 0.5068, 0.5005, 0.5002, 0.5062, 0.5017, 0.5079, 0.5056, 0.5041, 0.5062, 0.5062, 0.5104, 0.5033, 0.5116, 0.5082, 0.5112, 0.5072, 0.5065, 0.515, 0.5175, 0.5182, 0.516, 0.5178, 0.5205]}}