{"baseline": {"loss": [1.4305552749530128, 1.1340492159661735, 1.0107801321827237, 0.9267973800373199, 0.8582913200263782, 0.8092198354737533, 0.7610937736528304, 0.7233183737606039, 0.6905141863447931, 0.6631115071304009, 0.6364390791758247, 0.6094669231292232, 0.5886849255665488, 0.5691438080252283, 0.5496952181200847, 0.5343768959078947, 0.5185432402640963, 0.5016427655011186, 0.4902680038529284, 0.4744897318618072, 0.46305244562723447, 0.4534140157196528, 0.44199053676384487, 0.43901919066677314, 0.4340319338509494, 0.4246290057440243, 0.42043593636406656, 0.41715307508969246, 0.4128615777091602, 0.4120148882231749], "acc": [0.5465, 0.605, 0.6473, 0.6729, 0.7125, 0.6991, 0.699, 0.7215, 0.7121, 0.7411, 0.7251, 0.7453, 0.7726, 0.7805, 0.7837, 0.7963, 0.7974, 0.8115, 0.8056, 0.8118, 0.8165, 0.8171, 0.8234, 0.8282, 0.8264, 0.8251, 0.8281, 0.8279, 0.8306, 0.8307]}, "pfn": {"loss": [1.9302190133677724, 1.6629174014796382, 1.5254633374836133, 1.4382227387879511, 1.3635340471706732, 1.3108936920190406, 1.2621456931923967, 1.2267924184384553, 1.195174662886983, 1.1647125649482697, 1.1383945704878444, 1.1148919287849874, 1.0891912664141497, 1.0747125124382546, 1.050434983676047, 1.0343306346622574, 1.0198536826978863, 1.0041697289785156, 0.9865936401402554, 0.970527381314646, 0.956713985451652, 0.9447134719480335, 0.9297088775640864, 0.9146136252776437, 0.9070088383944138, 0.8950886191309565, 0.8855082234915566, 0.8734721384389931, 0.8641943424711447, 0.8489819605408422], "acc": [0.3766, 0.4391, 0.4779, 0.5077, 0.5112, 0.553, 0.552, 0.5837, 0.5717, 0.5912, 0.6039, 0.6134, 0.6146, 0.6316, 0.6298, 0.6439, 0.6444, 0.6494, 0.6524, 0.6598, 0.6639, 0.6654, 0.6697, 0.6605, 0.68, 0.6753, 0.6808, 0.6848, 0.6841, 0.6816]}}