{"baseline": {"loss": [2.1493943224147873, 1.905107625893184, 1.8212782083725443, 1.7778057577658672, 1.753880308598888, 1.7295030598737755, 1.7107575316818393, 1.6954478463348077, 1.6849044281609205, 1.6755570112442484, 1.6650260431425912, 1.6531537953688173, 1.6441833912109842, 1.638598470055327, 1.6306763595464278, 1.6262542593235871, 1.617865876275666, 1.6137366732772516, 1.6093348848576448, 1.601721284340839, 1.5990981642080813, 1.5926074385643005, 1.5890306806077763, 1.5824424879891532, 1.5806852469638901, 1.580866636062155, 1.572822467404969, 1.5682371745304184, 1.5649965186508334, 1.5622179228432325, 1.5597965924107298, 1.5579701868855222, 1.553068326444042, 1.5551652141979762, 1.5496612252021322, 1.5501344167456335, 1.5460639523000133, 1.5468122788837977, 1.543004035949707, 1.5443845938663094, 1.5412024247403047, 1.5427557680071617, 1.540724946528065, 1.5409506157952912, 1.538960326691063, 1.5404116024776382, 1.5367125807976236, 1.5374164690776748, 1.539206627680331, 1.5384715333276866], "acc": [0.2931, 0.3407, 0.3619, 0.3687, 0.3729, 0.3783, 0.3885, 0.3952, 0.389, 0.3939, 0.4005, 0.4023, 0.4086, 0.4081, 0.408, 0.4096, 0.4145, 0.4101, 0.4161, 0.4201, 0.4216, 0.4246, 0.4249, 0.4285, 0.4261, 0.4297, 0.4282, 0.4341, 0.4347, 0.4365, 0.437, 0.4363, 0.4394, 0.4429, 0.4392, 0.4427, 0.4432, 0.444, 0.4386, 0.4404, 0.4403, 0.4438, 0.4422, 0.4447, 0.4456, 0.4434, 0.4458, 0.4448, 0.4443, 0.4443]}, "pfn": {"loss": [2.1559672501622416, 1.8944344703032046, 1.8160691905994804, 1.771514291665992, 1.7366996431837276, 1.7081814019047483, 1.688691254781217, 1.6690856242666439, 1.6503541579051895, 1.6386541979653495, 1.6233918727660666, 1.610637007927408, 1.6016837431460011, 1.5895462206431799, 1.5774149262175268, 1.5707660876974767, 1.561032538511315, 1.554199906028047, 1.549249911794857, 1.5430292365502338, 1.5344322445441265, 1.5331228570062287, 1.5300626462819624, 1.5233883845562837, 1.5166003935191097, 1.5137101886223774, 1.5083908438682556, 1.5008449639592851, 1.4992141407363269, 1.4991409158220097, 1.4934109096624413, 1.4872257381069416, 1.489498148159105, 1.482780926081599, 1.4823963338015032, 1.4762380561050104, 1.473424452908185, 1.4724033973654922, 1.4718379718916756, 1.4688597601287219, 1.4658167106764657, 1.4637862431759736, 1.4616270503219293, 1.4589059121754704, 1.455818878144634, 1.4564738711532281, 1.4532399469492387, 1.4513339765217839, 1.4519699519994307, 1.4499822782010447], "acc": [0.2803, 0.3244, 0.3394, 0.3626, 0.3632, 0.3848, 0.3876, 0.3973, 0.3965, 0.3916, 0.4139, 0.4117, 0.4117, 0.4194, 0.4263, 0.4282, 0.4299, 0.4343, 0.435, 0.4322, 0.4429, 0.4368, 0.4473, 0.4406, 0.4462, 0.4516, 0.4472, 0.4534, 0.4558, 0.4559, 0.4588, 0.4602, 0.4604, 0.4607, 0.4582, 0.4638, 0.4635, 0.4657, 0.4695, 0.4694, 0.4724, 0.4681, 0.4714, 0.4711, 0.4715, 0.4743, 0.4727, 0.4733, 0.4729, 0.4769]}}