{"loss": [1.6202846507231394, 0.6488458087046941, 0.3887038807074229, 0.26921502947807313, 0.21161880493164062, 0.17767012765010198, 0.1551473910609881, 0.13669974207878113, 0.12593450844287873, 0.11781435087323189, 0.10898263355096181, 0.10509579380353291, 0.10095736905932426, 0.09909880980849266, 0.09936950008074442], "acc": [0.7259, 0.8763, 0.9234, 0.9411, 0.9493, 0.9573, 0.9593, 0.9644, 0.9654, 0.9667, 0.9677, 0.9687, 0.9689, 0.9689, 0.9692]}