{"loss": [1.6052482267220816, 0.6203467468420665, 0.3808855136235555, 0.2741845389207204, 0.22114910632371904, 0.17932976533969244, 0.1563299519320329, 0.13578221226731937, 0.12009873986244202, 0.10798799643913905, 0.09491100211938222, 0.08730047792196274, 0.07713393705586592, 0.07088378580907981, 0.06571056693792343], "acc": [0.771, 0.8834, 0.923, 0.9433, 0.9518, 0.9595, 0.9617, 0.965, 0.9657, 0.9702, 0.9714, 0.9741, 0.9743, 0.9756, 0.9739]}