{"baseline": {"loss": [0.39562536191642284, 0.17020587287098168, 0.11945475084508458, 0.09230548428321877, 0.07498720371586581, 0.06203312464039773, 0.05183483641293521, 0.04410935677324111, 0.03849427319842701, 0.032877959238520514, 0.0274926573547069, 0.0242979610403146, 0.020811747251978766, 0.01881309335003995, 0.016926680210465565, 0.014824800485791639, 0.012680387629122318, 0.01133417355834002, 0.009926541926451803, 0.008848355619814053, 0.00835566118642455, 0.007425748503302263, 0.006939024025513208, 0.006620639863370646, 0.005850995775174428, 0.006057165491450966, 0.005033872224847437, 0.005365818617662201, 0.004944147178161075, 0.005179149708832362], "acc": [0.9464, 0.9629, 0.9722, 0.9752, 0.977, 0.9791, 0.9801, 0.9797, 0.982, 0.9818, 0.981, 0.9811, 0.9844, 0.9838, 0.985, 0.9834, 0.9837, 0.9833, 0.984, 0.984, 0.9847, 0.9839, 0.984, 0.9843, 0.9844, 0.9853, 0.9849, 0.9851, 0.9851, 0.9852]}, "pfn": {"loss": [2.20949038118124, 1.9010338485240936, 1.5356330834329128, 1.2955768574029207, 1.1655278038233519, 1.079108577221632, 1.0329157244414091, 0.9926449526101351, 0.9710953067988157, 0.9270484540611506, 0.9052953282371163, 0.8694965168833733, 0.8370510078966618, 0.8309829048812389, 0.8061499642208219, 0.7920809527859092, 0.7949740719050169, 0.7523047141730785, 0.7369296737015247, 0.7222020700573921, 0.6974377315491438, 0.6909393034875393, 0.6639253599569201, 0.6526638688519597, 0.6563726160675287, 0.632956893183291, 0.6496295118704438, 0.6395473321899772, 0.6315798051655293, 0.6499442318454385], "acc": [0.6354, 0.7134, 0.7703, 0.7923, 0.8054, 0.8268, 0.8323, 0.8267, 0.8432, 0.8465, 0.8526, 0.8437, 0.8521, 0.8577, 0.8582, 0.8555, 0.8595, 0.8585, 0.8623, 0.8585, 0.8599, 0.8583, 0.8589, 0.8562, 0.8572, 0.8591, 0.8582, 0.857, 0.8572, 0.8562]}}