{"baseline": {"loss": [2.04934862934415, 1.9101833711804637, 1.8445225164408574, 1.805513173417972, 1.7704418312253245, 1.7482925699190106, 1.722865394923998, 1.7052084975840185, 1.686238414796112, 1.6718000344303259, 1.657000676445339, 1.6472031908571874, 1.6370314256004665, 1.6238033491022446, 1.6125038590882441, 1.6053014182678573, 1.5981299340572503, 1.5910443018769365, 1.5851522766415724, 1.58071487791398, 1.5773563067931349, 1.5741110079733611, 1.5711951237505355, 1.565292930664004, 1.5652696122903653, 1.5644614202592073, 1.5623089727538322, 1.5592437659383125, 1.561553752635751, 1.5651291810033265], "acc": [0.2775, 0.3081, 0.3341, 0.3312, 0.3448, 0.3618, 0.3764, 0.379, 0.3957, 0.3927, 0.3957, 0.4038, 0.4206, 0.419, 0.4203, 0.417, 0.4295, 0.4296, 0.4274, 0.4317, 0.4319, 0.4363, 0.4328, 0.4288, 0.4309, 0.4369, 0.4341, 0.4354, 0.4357, 0.4353]}, "pfn": {"loss": [2.082491378345148, 1.9258136874269647, 1.806912094125967, 1.7107199220096363, 1.6614133458003364, 1.6191743502531515, 1.5875501791229638, 1.5613959640493174, 1.53930323843456, 1.5182888474305878, 1.4965684987090129, 1.4837279786234316, 1.465713557684818, 1.4502893256409395, 1.4379587359440602, 1.4233194748154077, 1.4185427408998885, 1.403782841189743, 1.3902576820319876, 1.3813954933220163, 1.370872158528594, 1.3650908518935103, 1.3530445766570929, 1.344633741147073, 1.3378428864052228, 1.3306602215218117, 1.316929846773367, 1.3084207120758797, 1.2993556443992478, 1.283907465312792], "acc": [0.2635, 0.3147, 0.3497, 0.3922, 0.4157, 0.4292, 0.4329, 0.4381, 0.4594, 0.4607, 0.4643, 0.4789, 0.4791, 0.4888, 0.4895, 0.4884, 0.5019, 0.5039, 0.5096, 0.5111, 0.5117, 0.5152, 0.5185, 0.5277, 0.5267, 0.5363, 0.5364, 0.5367, 0.542, 0.5438]}}