{"loss": [0.6795013109842937, 0.24915457665920257, 0.1732900614539782, 0.1297150899966558, 0.10160188153386115, 0.08129906468093395, 0.06888575740158558, 0.056897262732187905, 0.04892107918858528, 0.041617928569515544, 0.03650342424710592, 0.0327880530928572, 0.02948071397840977, 0.027163890314598878, 0.025296246788154047, 0.024070091793934503, 0.023222353433569272, 0.02241540017227332, 0.02205829539646705, 0.02189097572118044], "acc": [0.9122, 0.9402, 0.9557, 0.9635, 0.9687, 0.973, 0.9741, 0.9756, 0.9768, 0.9791, 0.9793, 0.9793, 0.9795, 0.9798, 0.9799, 0.9803, 0.9795, 0.9799, 0.98, 0.9799]}