{"loss": [0.6850443631410599, 0.2506132165590922, 0.17729155073563257, 0.13428063467144966, 0.10841435765226683, 0.08830494532982508, 0.07356451985736688, 0.0625438449283441, 0.05180307117601236, 0.04514287300407886, 0.040467481749753155, 0.03351171383013328, 0.02742825758953889, 0.022601954204340777, 0.019616568740457297, 0.016510499889651933, 0.014345168555155396, 0.012127330402533214, 0.011002763065819939, 0.009553096412370602], "acc": [0.9165, 0.9419, 0.9546, 0.9636, 0.968, 0.9729, 0.9744, 0.9748, 0.9762, 0.9792, 0.9772, 0.9794, 0.9819, 0.9804, 0.9821, 0.9812, 0.981, 0.9812, 0.9801, 0.9804]}