{"baseline": {"loss": [2.079402138384021], "acc": [0.2817]}, "pfn": {"loss": [2.0850363629204884], "acc": [0.2751]}}