{"baseline": {"loss": [4.360208403423924, 4.072234592779213, 3.92065921585883, 3.8133924385470808, 3.731578664096725, 3.663875648127797, 3.603251834049859, 3.5481224486894924, 3.500567159994179, 3.4590593677042696, 3.4196792356193524, 3.383814165964151, 3.3534876001460474, 3.325546455505254, 3.297400703820426, 3.2654917673076813, 3.2389667314641617, 3.2127603271123393, 3.1898480315342583, 3.1684670131224806, 3.139574367371971, 3.120561291189755, 3.0960359634340877, 3.0720059316786354, 3.0547011483965627, 3.033130116474903, 3.0161580923573137, 2.999205640514793, 2.977207579576146, 2.9610772949960227, 2.9479364824417, 2.9356807833132534, 2.915792440209547, 2.9020099139884303, 2.8876087543604623, 2.8759059521853163, 2.8594453505542883, 2.8492531831307177, 2.8366638321400908, 2.8242976817938374, 2.8110919334089663, 2.79768544328792, 2.796000341015399, 2.7790524544923203, 2.776149135721309, 2.764278810652321, 2.7581530489275217, 2.745362436679928, 2.7373612914853696, 2.732407475371495, 2.721741500108138, 2.714884116521577, 2.7049390519671426, 2.7007911089436174, 2.6939331186396998, 2.684095607694153, 2.6773328396975233, 2.671471278685743, 2.671673086902979, 2.6642659094632433, 2.660279991071852, 2.6514172121082122, 2.646844069976026, 2.6437579487900598, 2.6379445166234166, 2.6337237284921318, 2.6299958735170876, 2.6253101142775983, 2.621360051967299, 2.6192122792343957, 2.6153605789174814, 2.614345373704915, 2.608119207270005, 2.6046475534853726, 2.60442654677974, 2.6002429171901227, 2.5983753893381496, 2.597755686401406, 2.5940914605279715, 2.5939095130052103, 2.5879426087869706, 2.5891082445373925, 2.586970639045891, 2.5879322330055334, 2.581985508999251, 2.5803436696376947, 2.5824292431706968, 2.579287738141501, 2.575599766753214, 2.5788700178151243, 2.5799645792187937, 2.5742421918512917, 2.5778934626323182, 2.577880187412662, 2.576322851888359, 2.5758682590006563, 2.574359965141472, 2.574528761836879, 2.5771866174000304, 2.5757039831117594], "acc": [0.0726, 0.0905, 0.1081, 0.1338, 0.1328, 0.1488, 0.1584, 0.1621, 0.1704, 0.1796, 0.1929, 0.1961, 0.2036, 0.2038, 0.2159, 0.2188, 0.2264, 0.2325, 0.2371, 0.2391, 0.2393, 0.2482, 0.2491, 0.2566, 0.2591, 0.262, 0.2664, 0.2634, 0.2745, 0.278, 0.2785, 0.2859, 0.2756, 0.2859, 0.2868, 0.2931, 0.2937, 0.296, 0.2975, 0.3024, 0.3009, 0.3082, 0.302, 0.3034, 0.3025, 0.3084, 0.3094, 0.3143, 0.3149, 0.3163, 0.3173, 0.3224, 0.3221, 0.3226, 0.3254, 0.3242, 0.3285, 0.3228, 0.3337, 0.323, 0.3343, 0.3273, 0.3308, 0.3362, 0.3275, 0.3367, 0.3315, 0.3351, 0.3375, 0.338, 0.3386, 0.3395, 0.336, 0.3386, 0.3423, 0.3364, 0.3402, 0.3402, 0.3422, 0.3367, 0.3401, 0.3399, 0.3399, 0.3428, 0.3435, 0.3415, 0.3438, 0.3418, 0.3416, 0.3433, 0.3427, 0.3411, 0.3438, 0.3424, 0.3427, 0.3424, 0.3422, 0.342, 0.3423, 0.3423]}, "pfn": {"loss": [4.36190510527862, 4.092077121100463, 3.9076640514461585, 3.768262002169324, 3.656182008021323, 3.560033059790921, 3.479269798454421, 3.4098284671373684, 3.342889685764947, 3.296176106728556, 3.234074105996915, 3.156942066938981, 3.0906622751289623, 3.026999554060914, 2.9737770648868493, 2.919663439016513, 2.8740195453624287, 2.8318222599566134, 2.793038349932112, 2.7581260527491263, 2.714844956117518, 2.6891165493089524, 2.654155565344769, 2.625869513777516, 2.5985364194416327, 2.566109652409468, 2.5434456377687966, 2.5237497155318787, 2.4926536571034386, 2.472438057975086, 2.4502681356561764, 2.427670900169236, 2.404300589695611, 2.385887942045851, 2.3615848402233075, 2.3490708682238295, 2.333585514132019, 2.312392456147372, 2.2927672911787886, 2.2785907550845916, 2.267184292873763, 2.2511918779529267, 2.236535466845383, 2.2146612579560343, 2.2026691738601842, 2.191260775641712, 2.17757073052399, 2.165286664767643, 2.147262818977961, 2.1388652391750793, 2.1257697542000304, 2.110833451875945, 2.1065787180610327, 2.093006645931917, 2.081134490039952, 2.069566566316063, 2.0630018122665716, 2.0455187077412518, 2.0386857748641383, 2.0347917820791452, 2.0230730323840285, 2.01506995057206, 2.0036300536616682, 1.9905034190858417, 1.984786164120335, 1.9777603844547516, 1.9690557770107104, 1.9652350951948434, 1.9592886419247484, 1.945009760234667, 1.9353002968346675, 1.9333711722317863, 1.9237352012063536, 1.9144554507092137, 1.9096765024277864, 1.899355519153273, 1.8900841904418242, 1.8868492451470222, 1.8757707853146526, 1.872835955656398, 1.8653206322199243, 1.8500850161018274, 1.856088045003164, 1.846425948545451, 1.8358577123993194, 1.8284381192053676, 1.8274131635265887, 1.8206794911333362, 1.8158675645623366, 1.806832973304612, 1.8024009597270996, 1.7921204951108265, 1.7913645319926463, 1.7864312518892995, 1.7797294382549003, 1.7696759017837016, 1.766129925122956, 1.7460429644035866, 1.7348911936020912, 1.7111325449955739], "acc": [0.0614, 0.0995, 0.1123, 0.1346, 0.1475, 0.1711, 0.1832, 0.1946, 0.2047, 0.214, 0.2191, 0.2339, 0.2467, 0.2466, 0.2645, 0.2737, 0.2811, 0.2943, 0.2992, 0.3073, 0.3081, 0.3178, 0.3307, 0.3247, 0.3309, 0.3319, 0.3528, 0.3446, 0.3467, 0.3478, 0.3525, 0.3775, 0.3669, 0.3701, 0.3723, 0.3733, 0.3783, 0.3814, 0.3853, 0.3885, 0.3879, 0.3948, 0.406, 0.401, 0.4041, 0.4119, 0.405, 0.4121, 0.4208, 0.407, 0.4144, 0.4236, 0.4252, 0.4246, 0.4258, 0.4339, 0.4358, 0.4319, 0.4316, 0.4426, 0.4344, 0.4371, 0.4459, 0.4447, 0.4381, 0.4427, 0.4418, 0.4567, 0.4536, 0.4521, 0.4455, 0.4514, 0.4528, 0.4561, 0.4597, 0.4537, 0.4554, 0.4593, 0.4606, 0.4613, 0.4631, 0.4639, 0.4696, 0.462, 0.476, 0.468, 0.4691, 0.4686, 0.4758, 0.4767, 0.4773, 0.4706, 0.4777, 0.4826, 0.4747, 0.4844, 0.4798, 0.4803, 0.4874, 0.4845]}}