{"baseline": {"loss": [1.742506392756287], "acc": [0.4297]}, "pfn": {"loss": [1.753612182578262], "acc": [0.4344]}}