{"loss": [1.6044181823730468, 0.6177725533644358, 0.3695319970448812, 0.2569609741369883, 0.20642051547765733, 0.1735247607032458, 0.1549351861079534, 0.13738728761672975, 0.12381213009357453, 0.1155556616683801, 0.11123521576325099, 0.1042423777282238, 0.10502790088454882, 0.10040716454386711, 0.09972452819347381], "acc": [0.7688, 0.8892, 0.9287, 0.9446, 0.9538, 0.9574, 0.9604, 0.9646, 0.9667, 0.9683, 0.969, 0.9695, 0.9697, 0.9706, 0.9705]}