{"loss": [1.681105637550354, 0.7301402787367502, 0.4320250988006592, 0.29566228290398916, 0.22832247018814086, 0.1857115536928177, 0.15880842407544454, 0.13535486186544102, 0.11979099661111832, 0.10650380278627078, 0.09680185765028, 0.08520332202315331, 0.07789470267792543, 0.07018260570863882, 0.06387365447978179], "acc": [0.6611, 0.8717, 0.9151, 0.9345, 0.9483, 0.9557, 0.9604, 0.9634, 0.9662, 0.9684, 0.9719, 0.9728, 0.9732, 0.9745, 0.9758]}