{
  "dataset": "mnist",
  "mode": "FULL",
  "timestamp": "20251231_233403",
  "epochs": 15,
  "batch_size": 2048,
  "results": [
    {
      "name": "0.Original",
      "baseline": 0.9793,
      "pfn": 0.9797,
      "improvement": 0.00040000000000006697
    },
    {
      "name": "1.Bottleneck",
      "baseline": 0.9692,
      "pfn": 0.9739,
      "improvement": 0.0047000000000000375
    },
    {
      "name": "2.Deep",
      "baseline": 0.939,
      "pfn": 0.8933,
      "improvement": -0.04569999999999996
    },
    {
      "name": "3.Noisy",
      "baseline": 0.8884,
      "pfn": 0.8985,
      "improvement": 0.010099999999999998
    }
  ],
  "avg_improvement": -0.007624999999999965,
  "wins": 3
}