{"acc": 0.4033, "loss": [2.1325952143085245, 1.9468463939063403, 1.8534403321694355, 1.7954006851935873, 1.7522844258619814, 1.7243984329457185, 1.706117529041913, 1.6931304092309913, 1.6862976551055908, 1.6843059476541014], "acc_hist": [0.2694, 0.3377, 0.3548, 0.3749, 0.3863, 0.3928, 0.3947, 0.4002, 0.4002, 0.4033], "timestamp": "2026-01-02T20:34:08.673244"}