{"acc": 0.3421, "loss": [4.349176260889793, 4.027119556251837, 3.8925900070034727, 3.798863021694884, 3.705783406082465, 3.6310852571409575, 3.531648879148522, 3.4176913621474285, 3.3270608478662917, 3.2345389954897823, 3.174576970995689, 3.1015085857741687, 3.0539130726639105, 2.9882905507574278, 2.934590519691, 2.878399617817937, 2.837211489677429, 2.787681139245325, 2.731007313241764, 2.6882970527726777, 2.645420634016699, 2.617083369469156, 2.557898000795014, 2.513686508548503, 2.473987238747733, 2.42747615551462, 2.38290350534478, 2.339636598314558, 2.299449093487798, 2.2547426272411735, 2.2012057912592984, 2.1573306687024174, 2.1176263276411564, 2.0741832159003435, 2.0140834779155496, 1.9723987932107887, 1.946227445894358, 1.8781928115961504, 1.8392602375575475, 1.795421585744741, 1.737770208290645, 1.6849636678792992, 1.6382056450357243, 1.5942280803407942, 1.5391323846213671, 1.493998729452795, 1.4568054955832812, 1.416467131400595, 1.3639420733159902, 1.3139350389947697, 1.2828639879518626, 1.233801771183403, 1.1892837109614391, 1.1455736731996342, 1.1165809363734966, 1.0876887665719401, 1.0426936222582448, 0.997759822071815, 0.9777619406885031, 0.9431860088085642, 0.9108302264797444, 0.8871735346560575, 0.8522980760554878, 0.8189116862355447, 0.8018113617994347, 0.7717124509568117, 0.748617595555831, 0.7283572359960906, 0.7003123480446485, 0.6836993822029659, 0.6712064554496687, 0.6558967439495788, 0.6259535417264822, 0.6183690258434841, 0.6003814820124178, 0.5888965248453374, 0.5804149560174163, 0.5582840503478537, 0.5454684620609089, 0.538425692490169, 0.5266713268902837, 0.5178483767168862, 0.5109423967648525, 0.5034779851533928, 0.4936865960456887, 0.485384645510693, 0.4793700393365354, 0.477033402846784, 0.4723913405014544, 0.47101362992306145, 0.4652689987299394, 0.45833346034799305, 0.4610330845628466, 0.4557459725409138, 0.4567334785753367, 0.4497630361999784, 0.45427832372334537, 0.44954725613399427, 0.45120011057172504, 0.44902755532945904], "acc_hist": [0.0623, 0.0783, 0.1105, 0.113, 0.1372, 0.1518, 0.1656, 0.1934, 0.2097, 0.2239, 0.2255, 0.2395, 0.2516, 0.2584, 0.2694, 0.2705, 0.2872, 0.2858, 0.297, 0.293, 0.299, 0.3067, 0.3148, 0.3183, 0.3179, 0.3163, 0.3294, 0.3248, 0.3298, 0.3346, 0.3389, 0.333, 0.3421, 0.341, 0.3397, 0.3428, 0.3447, 0.34, 0.3459, 0.3506, 0.3454, 0.3448, 0.3457, 0.3514, 0.3431, 0.3459, 0.3412, 0.3416, 0.3466, 0.3479, 0.346, 0.3457, 0.3424, 0.3473, 0.343, 0.3435, 0.3377, 0.3378, 0.341, 0.3429, 0.3403, 0.3398, 0.345, 0.3395, 0.3335, 0.3377, 0.3377, 0.3415, 0.3449, 0.3371, 0.3394, 0.3443, 0.3397, 0.3423, 0.3362, 0.3394, 0.3416, 0.3392, 0.3404, 0.3406, 0.3409, 0.3393, 0.342, 0.3412, 0.3405, 0.3403, 0.3384, 0.3398, 0.3421, 0.3398, 0.3415, 0.3417, 0.3415, 0.3411, 0.341, 0.341, 0.3413, 0.3417, 0.3421, 0.3421], "timestamp": "2026-01-05T11:04:12.693037"}