{"acc": 0.4511, "loss": [1.923959833276851, 1.7008343479212593, 1.6251628562007718, 1.5780934403314615, 1.555068304928977], "acc_hist": [0.3707, 0.4077, 0.4342, 0.4412, 0.4511], "timestamp": "2026-01-02T20:40:19.128145"}