{"acc": 0.8972, "loss": [1.266207832966924, 0.8473219443160249, 0.6717565603115979, 0.5815723568887052, 0.506189024966696, 0.453611088759454, 0.4120383693662751, 0.3733278810215728, 0.34158544162350235, 0.30625121486004053, 0.2808502263120373, 0.2534138031704042, 0.2290245772094068, 0.20229272988370006, 0.18469334774843568, 0.16827083039847787, 0.1536556106356099, 0.1425657507384677, 0.1381607094346105, 0.133309334688022], "acc_hist": [0.5783, 0.6729, 0.7162, 0.7121, 0.77, 0.8167, 0.8249, 0.8228, 0.8542, 0.8449, 0.8591, 0.8635, 0.871, 0.8739, 0.8847, 0.8874, 0.891, 0.8951, 0.8957, 0.8972], "timestamp": "2026-01-01T10:08:14.485289"}