{"baseline": {"loss": [2.036008284408219], "acc": [0.3359]}, "pfn": {"loss": [2.036609569374396], "acc": [0.3439]}}