{"baseline": {"loss": [4.424119258413509, 4.153605034156722, 4.03899824376009, 3.9401780001971187, 3.855750689701158, 3.789465682847159, 3.7305074078696117, 3.679717012814113, 3.6378641383988515, 3.5970069547088777, 3.5559744324002946, 3.5279422280739765, 3.4990225397810644, 3.4749845460969575, 3.4463266876279093, 3.4218232497877006, 3.398797439069164, 3.3803310722720865, 3.360683038526652, 3.34493031672069, 3.3274552542336133, 3.3061489122254506, 3.2916868316883945, 3.2768104441311894, 3.2581339587970657, 3.245201327362839, 3.2278824850004546, 3.2135191413821005, 3.197694302821646, 3.185271725362661, 3.1701124565941945, 3.1568313484289208, 3.14225725130159, 3.1319692889038397, 3.1195218185989226, 3.1088718857084, 3.0974661951162377, 3.0830651083771063, 3.071082349942655, 3.062315338728379, 3.0544334272949065, 3.0419318457039033, 3.0344048361389007, 3.029817058115589, 3.0152369482176646, 3.0057921446099574, 3.0002148455503037, 2.9930755946100973, 2.982227619813413, 2.9756928767476762, 2.9681531166543764, 2.9639410923938363, 2.9581460222905998, 2.949167852499047, 2.943156821387155, 2.937523512207732, 2.9330974525334885, 2.9268050473563525, 2.9229231561933244, 2.918171698949775, 2.9127998607499257, 2.9091764335729637, 2.901304198771107, 2.8946106920436936, 2.894527559377709, 2.889748282578527, 2.890437669899999, 2.8828056016746832, 2.878585091659001, 2.8771408224592405, 2.874265506559489, 2.8693243739556293, 2.867943438948417, 2.8663644766320986, 2.8640769793062795, 2.8574768256167977, 2.860269826285693, 2.8574571925766614, 2.8532981008899454, 2.8531099922802983, 2.8489301241174037, 2.8502776513294297, 2.845856041324382, 2.8466867184152407, 2.84723583167913, 2.8433108585221425, 2.8436375929384816, 2.8422311009192955, 2.8403856097435463, 2.841322524206979, 2.8408309805149936, 2.841087444704406, 2.8424318542285842, 2.8360419273376465, 2.837156432015555, 2.83765375370882, 2.8394874115379487, 2.837454000297858, 2.8379638961383273, 2.8408467088426863], "acc": [0.0559, 0.0778, 0.0981, 0.1112, 0.1182, 0.1305, 0.1388, 0.1444, 0.1577, 0.1603, 0.1624, 0.1702, 0.1827, 0.1832, 0.1876, 0.192, 0.1972, 0.2059, 0.2008, 0.204, 0.2123, 0.2136, 0.2156, 0.2172, 0.2186, 0.2242, 0.2253, 0.2295, 0.236, 0.234, 0.2394, 0.2368, 0.2447, 0.2446, 0.2436, 0.2491, 0.2581, 0.2518, 0.2496, 0.2511, 0.2536, 0.2636, 0.2602, 0.2626, 0.2643, 0.2685, 0.2684, 0.2683, 0.2704, 0.2729, 0.2734, 0.2738, 0.2725, 0.2746, 0.2766, 0.2799, 0.2824, 0.2794, 0.278, 0.282, 0.2838, 0.283, 0.2827, 0.2851, 0.2892, 0.2895, 0.284, 0.2879, 0.288, 0.2857, 0.2882, 0.2904, 0.2878, 0.2904, 0.2907, 0.2914, 0.2889, 0.2943, 0.2921, 0.2925, 0.292, 0.2905, 0.2927, 0.2929, 0.2926, 0.2926, 0.2943, 0.294, 0.2942, 0.2946, 0.2931, 0.2948, 0.2941, 0.2953, 0.2943, 0.2943, 0.2942, 0.2943, 0.2944, 0.2944]}, "pfn": {"loss": [4.456046376909528, 4.186912254411347, 4.043070354023758, 3.919438674741862, 3.8131952383080305, 3.7187749232564653, 3.643721365198797, 3.583091211562254, 3.5268757525755436, 3.485564029946619, 3.4400132651231727, 3.40833210580203, 3.3792256347987117, 3.3452841420562898, 3.300308739652439, 3.2585592634823857, 3.2075124528943277, 3.1656052810805186, 3.128446551001802, 3.082150240333713, 3.046170465800227, 3.0073580778374964, 2.9715408938271657, 2.9394119698174146, 2.9099471337941227, 2.882098025205184, 2.862263809661476, 2.8350496948981774, 2.8077942546533077, 2.7913143099570763, 2.768364448936618, 2.7525866408737336, 2.72933714730399, 2.711536021865144, 2.6851924779463787, 2.6712306385137596, 2.657095359296215, 2.63868863120371, 2.6175730958276864, 2.607247537496139, 2.591324048382895, 2.575962704055163, 2.558376666234464, 2.542523926618148, 2.5332351412091936, 2.5170299313506304, 2.5074983786563485, 2.4968130819651546, 2.4760558872806784, 2.4715340648378645, 2.45474716595241, 2.445586164386905, 2.432954373408337, 2.419371719263038, 2.4104364672485663, 2.3991375200602474, 2.3872277797484887, 2.378832533651469, 2.368767684819747, 2.3570205995014737, 2.3500551836831227, 2.341265856003275, 2.327329124723162, 2.3229431960047506, 2.31283666406359, 2.3018259831837247, 2.290879453931536, 2.2885381305704313, 2.2769699820450375, 2.2638713997237536, 2.2540770112251747, 2.251305722460455, 2.2408588948298473, 2.2263340579003703, 2.23227602729992, 2.2248294846135743, 2.211398410553835, 2.204896874573766, 2.19852975132514, 2.1867675665689976, 2.188578576457744, 2.176062608859977, 2.174067801966959, 2.163146138191223, 2.1548304071231765, 2.154461405715164, 2.1438147699346346, 2.1406594837198454, 2.1312219251175315, 2.130362258881939, 2.1166748964056676, 2.105370654743545, 2.105286089133243, 2.099436039219097, 2.0891603821394393, 2.083164402416774, 2.0730591763039024, 2.0606691934624495, 2.056849039938985, 2.0324158613779106], "acc": [0.0509, 0.074, 0.0981, 0.1092, 0.1277, 0.1472, 0.1577, 0.1662, 0.1788, 0.1808, 0.1879, 0.1962, 0.1929, 0.2079, 0.21, 0.2159, 0.2291, 0.2359, 0.2396, 0.2536, 0.2523, 0.26, 0.2607, 0.2794, 0.2861, 0.2855, 0.287, 0.2849, 0.2886, 0.2951, 0.3021, 0.313, 0.3038, 0.312, 0.315, 0.3154, 0.3186, 0.3192, 0.3205, 0.3191, 0.3296, 0.3332, 0.3296, 0.334, 0.3483, 0.3413, 0.341, 0.3473, 0.3484, 0.3574, 0.3546, 0.3539, 0.3591, 0.3587, 0.3621, 0.3559, 0.367, 0.3653, 0.373, 0.3761, 0.3724, 0.3711, 0.376, 0.3788, 0.3823, 0.3796, 0.3824, 0.3824, 0.3715, 0.3941, 0.391, 0.3902, 0.3984, 0.3888, 0.3989, 0.3986, 0.4, 0.3942, 0.404, 0.4064, 0.4092, 0.4044, 0.4063, 0.405, 0.4147, 0.4164, 0.4164, 0.4077, 0.4113, 0.4127, 0.4115, 0.417, 0.417, 0.4219, 0.4194, 0.419, 0.4221, 0.4241, 0.4278, 0.4315]}}