{"baseline": {"loss": [0.4511455349655929, 0.15676071843517614, 0.11273713596959485, 0.0855163042423631, 0.06876138379541176, 0.05440675669750854, 0.042411138735481226, 0.03216187661982326, 0.026202880028041522, 0.022643907218804157], "acc": [0.9544, 0.964, 0.971, 0.9758, 0.9773, 0.9784, 0.9795, 0.9816, 0.9825, 0.9829]}, "pfn": {"loss": [0.44009112412614354, 0.15837225290948648, 0.11563400934531745, 0.09595534601199157, 0.08253305432781863, 0.07106842071727426, 0.06271418228523055, 0.058030943534195994, 0.05635266442463469, 0.048570605529063164], "acc": [0.9525, 0.9656, 0.9726, 0.9709, 0.9763, 0.9765, 0.9757, 0.9744, 0.9792, 0.9779]}}