{"baseline": {"loss": [4.517536143867337, 4.319358747832629, 4.251618487494333, 4.182503865689648, 4.1197148877747205, 4.061545094665216, 4.013147013528006, 3.9707987381487477, 3.930780763528785, 3.8963339718020693, 3.8590747799192155, 3.830651981489999, 3.801911295676718, 3.7740892220516593, 3.745069788426769, 3.7195888392779293, 3.7008109554952506, 3.6791393683881175, 3.656477694608727, 3.638262556523693, 3.6162368278114165, 3.599932867653516, 3.5856893038263125, 3.5697208983557567, 3.5575476617229227, 3.539862172944205, 3.5291814706763445, 3.5157351104580625, 3.5008958918707713, 3.491939970425197, 3.4797453758667927, 3.4663390869996986, 3.455729550244857, 3.446639068272649, 3.436148597269642, 3.4283015655011546, 3.416280362070823, 3.4086922017895445, 3.4058440972347648, 3.396296372219008, 3.382417097383616, 3.3783844271484686, 3.370356880888647, 3.3639899467935366, 3.3591232737716363, 3.3518943300052566, 3.3472637935560576, 3.336131774649328, 3.3341531558912627, 3.330029857401945, 3.317572510972315, 3.318041587362484, 3.311775796267451, 3.306156832344678, 3.3056801898138866, 3.2982057868217933, 3.2934971926163654, 3.291043894631522, 3.2816574378889434, 3.2834168623904794, 3.278286958227352, 3.2718316924815274, 3.2694110140508537, 3.269454678710626, 3.2655334983553206, 3.261291820175794, 3.259366675299041, 3.2552491694080588, 3.2518196568197135, 3.2516169207436696, 3.2461472311798407, 3.240928080617165, 3.243971355107366, 3.239958568495147, 3.241555483973756, 3.23749840259552, 3.2326429839036903, 3.233924868155499, 3.2353819487046223, 3.230309002253474, 3.2279757236947817, 3.226776728824693, 3.222452307234005, 3.2211966149661007, 3.2250454425811768, 3.222914238365329, 3.222675829517598, 3.2225011708785076, 3.2218874303662046, 3.2208243900415847, 3.2191024069883385, 3.2218940501310387, 3.2208501222182293, 3.2168653108635725, 3.2174730422545452, 3.221056123169101, 3.2164559145363008, 3.2190264390439403, 3.220812352336183, 3.2169532240653527], "acc": [0.0286, 0.0387, 0.0511, 0.0632, 0.0698, 0.0793, 0.085, 0.0882, 0.0927, 0.1066, 0.1094, 0.1115, 0.1173, 0.1241, 0.1274, 0.1319, 0.1351, 0.1393, 0.1415, 0.1503, 0.1492, 0.1558, 0.1607, 0.1605, 0.1689, 0.1669, 0.1682, 0.1684, 0.175, 0.1801, 0.1823, 0.1806, 0.1858, 0.1854, 0.1841, 0.1947, 0.1934, 0.1899, 0.1987, 0.1947, 0.2002, 0.2014, 0.2015, 0.2114, 0.1995, 0.211, 0.2064, 0.2071, 0.2144, 0.2099, 0.2121, 0.2165, 0.2167, 0.2132, 0.2151, 0.2145, 0.2225, 0.2165, 0.2224, 0.2228, 0.2302, 0.2254, 0.221, 0.2236, 0.226, 0.2235, 0.2293, 0.2302, 0.2287, 0.2311, 0.2292, 0.2335, 0.2311, 0.2327, 0.2301, 0.2313, 0.2351, 0.2339, 0.232, 0.2365, 0.2351, 0.2353, 0.2328, 0.2346, 0.2363, 0.235, 0.2348, 0.2362, 0.237, 0.2366, 0.2369, 0.2371, 0.237, 0.2369, 0.2363, 0.2365, 0.2363, 0.2365, 0.2365, 0.2366]}, "pfn": {"loss": [4.579218480051781, 4.394961347385329, 4.144335055837826, 4.053472623533132, 3.9891175250617827, 3.941185343022249, 3.8987826084604067, 3.8604417528424944, 3.836895480447886, 3.809708836127301, 3.7867221272721583, 3.771161232675825, 3.746981156115629, 3.7272609983171736, 3.715194753238133, 3.690311947647406, 3.6775257636089713, 3.6587667513866813, 3.6377704776063258, 3.6183686159094988, 3.6016915890635275, 3.5844128326493867, 3.5689710500288983, 3.5554800860735836, 3.53826988959799, 3.5275437199339574, 3.507432626218212, 3.498023818950264, 3.4823576674169425, 3.469817008290972, 3.4563236187915414, 3.4423676145320035, 3.431331461789657, 3.422808844216016, 3.4067064256084207, 3.3979504838281747, 3.3926804138689626, 3.3761478735476125, 3.3671406312864653, 3.3630436099305445, 3.3513894275743135, 3.342358421306221, 3.3331964624171353, 3.3260330229389425, 3.3119499634723275, 3.3057192174755796, 3.2943506678756402, 3.2910624961463775, 3.281496819184751, 3.2744207430859, 3.270227772848947, 3.261030992683099, 3.255468166604334, 3.2449106537565893, 3.2376742217005514, 3.2352640458515713, 3.2319400261859506, 3.2170611814576753, 3.2131014283822505, 3.206990383109268, 3.201671940939767, 3.198385019691623, 3.190743254155529, 3.1833956922803606, 3.1848749019661726, 3.1706226431593603, 3.1659810737687715, 3.1661039834119835, 3.154312948791348, 3.154550219068722, 3.1483697720936368, 3.1464461404450086, 3.1310928962668596, 3.1329623704053917, 3.12978318516089, 3.1235822098595754, 3.1180707800145053, 3.114432782542949, 3.1092928502024435, 3.1049755811691284, 3.10444746698652, 3.096756543431963, 3.0946857953558164, 3.0893634971307247, 3.0841419672479433, 3.0813709010883255, 3.076970012820497, 3.074094499860491, 3.073857380419361, 3.067337537298397, 3.062644902540713, 3.0599753637703095, 3.056826406595658, 3.0547464696728452, 3.0517164858020083, 3.0456227161446394, 3.0425836699349538, 3.042318494952455, 3.032468401655859, 3.033005862819905], "acc": [0.0231, 0.0545, 0.0786, 0.0866, 0.0989, 0.1019, 0.1071, 0.1142, 0.1186, 0.1249, 0.1284, 0.1288, 0.1367, 0.1346, 0.1395, 0.1434, 0.1537, 0.1545, 0.1549, 0.1615, 0.1664, 0.167, 0.1667, 0.1712, 0.1703, 0.1762, 0.1795, 0.184, 0.1884, 0.1896, 0.1877, 0.1948, 0.1986, 0.195, 0.2027, 0.2025, 0.2021, 0.2074, 0.2085, 0.2047, 0.2055, 0.2107, 0.215, 0.2155, 0.2153, 0.2203, 0.2243, 0.2232, 0.2204, 0.2257, 0.228, 0.2297, 0.2293, 0.2289, 0.2285, 0.2323, 0.2357, 0.2312, 0.2355, 0.232, 0.2384, 0.2398, 0.2417, 0.2367, 0.2454, 0.2421, 0.2462, 0.2459, 0.245, 0.2504, 0.2503, 0.2483, 0.2515, 0.254, 0.2519, 0.2563, 0.2547, 0.2543, 0.2556, 0.2557, 0.2532, 0.2547, 0.2615, 0.2591, 0.2573, 0.2636, 0.2632, 0.261, 0.2637, 0.2635, 0.2636, 0.2641, 0.2657, 0.2708, 0.2666, 0.2677, 0.2687, 0.2705, 0.2707, 0.2699]}}