{"baseline": {"loss": [2.0637278514248982, 1.8378489844653072, 1.7404639799984134, 1.684389872818577, 1.6500808900716353, 1.61055811388152, 1.584657306573829, 1.552835396357945, 1.534241025545159, 1.5106656295912606, 1.4953465023819281, 1.483529201575688, 1.4633273196463683, 1.4531727871116327, 1.4379567315383834, 1.4242427543717988, 1.4171557469027383, 1.4039087131315349, 1.3919956489485137, 1.3825140923869854, 1.3788905782358987, 1.3682929970780198, 1.3596984737989855, 1.3525926209225947, 1.3489879290668332, 1.3426194762697026, 1.3336659189389677, 1.3316698883261, 1.3229681885972315, 1.3193645100204312, 1.3136215574887333, 1.3105749122950496, 1.3085107663456275, 1.3064201863444582, 1.3040553763204692, 1.2983176732549861, 1.2966139955180032, 1.294906782252448, 1.2900968832629067, 1.2893352806568146, 1.2908150845644426, 1.2873682866291123, 1.2887605410449359, 1.2866172668885212, 1.285576190875501, 1.283808239868709, 1.2824915696163566, 1.282054888350623, 1.2838419694073346, 1.2828567940361646], "acc": [0.3271, 0.3539, 0.3892, 0.4105, 0.4196, 0.4288, 0.4423, 0.4545, 0.4573, 0.4672, 0.4711, 0.4859, 0.4874, 0.4874, 0.5, 0.5002, 0.4996, 0.5027, 0.5137, 0.5155, 0.519, 0.5206, 0.5218, 0.5095, 0.5286, 0.5213, 0.5339, 0.5309, 0.5342, 0.5355, 0.5381, 0.5361, 0.5449, 0.541, 0.5473, 0.5426, 0.5469, 0.5431, 0.5474, 0.5444, 0.5448, 0.5453, 0.5477, 0.5481, 0.5482, 0.5489, 0.5488, 0.5489, 0.548, 0.5486]}, "pfn": {"loss": [2.057648236046032, 1.8551476591703844, 1.7435682215252701, 1.6658606827259064, 1.6024609086464863, 1.5505122651859207, 1.510373516958587, 1.467821711788372, 1.432892419853989, 1.4034451945703856, 1.373183227315241, 1.3475837902146943, 1.3223398796149664, 1.3073616216377335, 1.2888639471968826, 1.2646513453551702, 1.251858885190925, 1.237318212280468, 1.218559099703419, 1.2054249711182652, 1.1962766093867165, 1.1841739434368757, 1.1703622991941414, 1.1600520148569224, 1.1480209018502916, 1.1425757979860112, 1.1299516905327232, 1.1248264595562099, 1.1141740652371426, 1.1045090027001438, 1.0977886154943584, 1.0902283039628242, 1.0845367981463063, 1.0745946536866986, 1.0701222164290292, 1.0634505891678285, 1.0527821359585743, 1.0447682066231359, 1.0452292938621677, 1.037626167037049, 1.0321884903372551, 1.030381436554753, 1.0221476819442243, 1.0156321832720114, 1.0136627907655678, 1.0054539098423354, 1.0023932405272309, 0.9986539549973547, 0.9916728050733099, 0.9842037373051351], "acc": [0.3167, 0.3648, 0.3951, 0.4155, 0.4521, 0.4608, 0.4803, 0.4904, 0.4851, 0.4889, 0.5124, 0.5023, 0.5267, 0.4913, 0.5444, 0.5549, 0.552, 0.5479, 0.568, 0.563, 0.5837, 0.591, 0.5845, 0.5893, 0.5944, 0.5896, 0.5918, 0.6008, 0.5859, 0.6148, 0.597, 0.6097, 0.6063, 0.6104, 0.6131, 0.6134, 0.6149, 0.622, 0.616, 0.6247, 0.6342, 0.6275, 0.627, 0.6378, 0.6328, 0.6381, 0.6354, 0.6449, 0.6363, 0.645]}}