{"baseline": {"loss": [2.1585096546581815, 1.8731486773004338, 1.7216654906467515, 1.6301217736030111, 1.5417523359765812, 1.4808014521793442, 1.4225449197146358, 1.382736472450957, 1.33271140590006, 1.2682806143955307, 1.2258672337142789, 1.1695807831627982, 1.1340519566925205, 1.0876540991724755, 1.0502622632347807, 1.0245546059949058, 1.0000000675113834, 0.9685618263118121, 0.9309493406694762, 0.9268672502770716, 0.8915061032285496, 0.8723744762187101, 0.8571363742254219, 0.8381478993260131, 0.8254085298703642, 0.8072733483752426, 0.7895034442142564, 0.7845903768831369, 0.7682147755914804, 0.7605174834630928, 0.7393682051678093, 0.7272052047203998, 0.7176686713890154, 0.7061703880222476, 0.7025320456952465, 0.6976403679166522, 0.6894456361021314, 0.6734835152723351, 0.670893516467542, 0.6637390103875375, 0.6593320235914114, 0.6565367056398975, 0.6523715281973079, 0.6491367865581902, 0.6464496534697863, 0.642482864005225, 0.6421723742874301, 0.6395967329034999, 0.640756364987821, 0.6386879712951427], "acc": [0.2806, 0.3348, 0.4122, 0.4114, 0.4576, 0.4684, 0.5126, 0.5242, 0.5339, 0.5611, 0.5764, 0.5951, 0.6065, 0.6334, 0.6333, 0.6468, 0.622, 0.6535, 0.6666, 0.6707, 0.6828, 0.6763, 0.696, 0.7066, 0.7004, 0.7119, 0.6999, 0.7119, 0.7148, 0.7221, 0.7261, 0.7344, 0.7274, 0.7331, 0.731, 0.7311, 0.7432, 0.7426, 0.7435, 0.744, 0.7417, 0.7483, 0.7483, 0.7465, 0.7483, 0.7501, 0.7502, 0.7493, 0.7493, 0.7498]}, "pfn": {"loss": [2.2023991516658237, 1.923724428731568, 1.8271713354149643, 1.7321343567906593, 1.6433804655561641, 1.5583106753777485, 1.4970529006451976, 1.4373085851571998, 1.3944230590547835, 1.3350645875444218, 1.291268644284229, 1.2431041257722037, 1.2043557884741802, 1.1547128254053545, 1.1200162099332225, 1.089614365173846, 1.0442113097833128, 1.0124790674569655, 0.9648960865273768, 0.9561647042936209, 0.9180690652253677, 0.9004698754573355, 0.8745490209180482, 0.8489855521795701, 0.8369883943577202, 0.8129267126930003, 0.7915819755622319, 0.7820865292938388, 0.7615082099729654, 0.7482861487232909, 0.7325953056617659, 0.7197829928933358, 0.7108677412782397, 0.686811776793733, 0.6689783012380406, 0.6714660251627163, 0.6552096763435675, 0.6462967085595034, 0.6406780396189008, 0.6272984019347599, 0.6225653083956971, 0.6085213775537452, 0.5981744263245135, 0.5923855018859007, 0.5784508111525555, 0.5706781161074735, 0.5580583579686224, 0.5516663589039628, 0.5417071583927894, 0.5342966074846229], "acc": [0.2515, 0.2818, 0.316, 0.3978, 0.4154, 0.457, 0.4693, 0.5093, 0.5054, 0.5376, 0.5516, 0.556, 0.5859, 0.5751, 0.5984, 0.6317, 0.6338, 0.6475, 0.6556, 0.6618, 0.6725, 0.6846, 0.6752, 0.6999, 0.6941, 0.7049, 0.7156, 0.7208, 0.7087, 0.73, 0.7314, 0.7256, 0.728, 0.7412, 0.7422, 0.7477, 0.7515, 0.7479, 0.751, 0.763, 0.7626, 0.7617, 0.7641, 0.7657, 0.7649, 0.7669, 0.7702, 0.768, 0.7719, 0.7781]}}