{"baseline": {"loss": [1.4561751402263194, 0.5888840925973108, 0.35928955899754056, 0.2748735244753264, 0.22421913544760583, 0.19249223301342047, 0.1688490156362306, 0.1510324664890512, 0.13347734098654312, 0.1222023832867903, 0.11287073961405485, 0.10404318853863266, 0.09805779146757335, 0.08929357420740479, 0.08516743208871468, 0.08010513547545811, 0.07438126470107259, 0.07224320109758868, 0.06926190164853642, 0.06566280182173002, 0.06420805687501804, 0.0620662774850946, 0.058956277458422156, 0.058143762178591955, 0.05891446177281741, 0.05671010648847611, 0.056711326977774215, 0.05623213016688188, 0.05648016682399044, 0.05513493942299377], "acc": [0.7836, 0.9033, 0.9287, 0.9397, 0.9487, 0.9555, 0.9603, 0.9639, 0.9668, 0.9678, 0.9687, 0.9702, 0.9713, 0.971, 0.9723, 0.9716, 0.9726, 0.973, 0.9737, 0.9736, 0.9738, 0.9738, 0.9751, 0.9746, 0.9747, 0.9752, 0.9745, 0.975, 0.9752, 0.9752]}, "pfn": {"loss": [1.235604715563341, 0.46221189239004784, 0.31298976685446717, 0.2471162408653861, 0.20615226648318996, 0.17723827095809522, 0.15623427010866117, 0.1387943007401439, 0.12489381442859229, 0.1118043549716282, 0.10132056068597255, 0.09351751487503555, 0.08414459627852447, 0.07955694514543199, 0.0722056341542205, 0.06656822548714528, 0.06340073955420063, 0.05908513334947132, 0.05260042034671394, 0.04903509889020404, 0.046643449805740485, 0.043221697853163266, 0.039682485211863, 0.038944823797970915, 0.036463772722416674, 0.03381370119045554, 0.03271923085619042, 0.03147813995497357, 0.029666445302421542, 0.02761912059861976], "acc": [0.8554, 0.9113, 0.9329, 0.9463, 0.9525, 0.9567, 0.9606, 0.9633, 0.9656, 0.9683, 0.9698, 0.971, 0.972, 0.9719, 0.9746, 0.9755, 0.9746, 0.9751, 0.9747, 0.9759, 0.977, 0.9771, 0.9754, 0.9776, 0.9771, 0.9775, 0.9779, 0.9774, 0.9774, 0.9783]}}