{"baseline": {"loss": [0.21342972770674842, 0.10265043788929103, 0.07876923493147373, 0.06352530317634209, 0.05541855717429828, 0.04514689728377391, 0.03749941005771146, 0.032012203113182876, 0.028444177778118772, 0.02332892390918101, 0.020121018765797055, 0.015053760023029428, 0.01268909126380533, 0.011523131388120417, 0.00915962808169525, 0.007468181842694375, 0.006210647640248997, 0.005460549430839575, 0.005191479502677222, 0.0050600252359951185], "acc": [0.9709, 0.9749, 0.98, 0.9798, 0.9807, 0.984, 0.9813, 0.9835, 0.9839, 0.9853, 0.9837, 0.9842, 0.9846, 0.9851, 0.9855, 0.9864, 0.9871, 0.987, 0.9864, 0.9872]}, "pfn": {"loss": [0.21274487141853393, 0.10573616781945168, 0.0807326990393187, 0.06784605663388904, 0.056805831315030635, 0.04820590094451719, 0.042719679697206234, 0.037569518212129976, 0.03540451449473877, 0.031953769626992215, 0.02847280061769876, 0.028702509523590783, 0.025176156729594175, 0.02306316575077154, 0.02319259287123365, 0.02066721156541904, 0.02030212198015375, 0.02004372723095468, 0.020106589911089316, 0.016879158861293365], "acc": [0.9655, 0.9768, 0.977, 0.9818, 0.9815, 0.9799, 0.9806, 0.9838, 0.9836, 0.9813, 0.9824, 0.9835, 0.9832, 0.982, 0.9822, 0.9848, 0.9837, 0.9845, 0.9846, 0.9852]}}