{"baseline": {"loss": [4.424119258413509, 4.153605034156722, 4.03899824376009, 3.9401780001971187, 3.855750689701158, 3.789465682847159, 3.7305074078696117, 3.679717012814113, 3.6378641383988515, 3.5970069547088777, 3.5559744324002946, 3.5279422280739765, 3.4990225397810644, 3.4749845460969575, 3.4463266876279093, 3.4218232497877006, 3.398797439069164, 3.3803310722720865, 3.360683038526652, 3.34493031672069, 3.3274552542336133, 3.3061489122254506, 3.2916868316883945, 3.2768104441311894, 3.2581339587970657, 3.245201327362839, 3.2278824850004546, 3.2135191413821005, 3.197694302821646, 3.185271725362661, 3.1701124565941945, 3.1568313484289208, 3.14225725130159, 3.1319692889038397, 3.1195218185989226, 3.1088718857084, 3.0974661951162377, 3.0830651083771063, 3.071082349942655, 3.062315338728379, 3.0544334272949065, 3.0419318457039033, 3.0344048361389007, 3.029817058115589, 3.0152369482176646, 3.0057921446099574, 3.0002148455503037, 2.9930755946100973, 2.982227619813413, 2.9756928767476762, 2.9681531166543764, 2.9639410923938363, 2.9581460222905998, 2.949167852499047, 2.943156821387155, 2.937523512207732, 2.9330974525334885, 2.9268050473563525, 2.9229231561933244, 2.918171698949775, 2.9127998607499257, 2.9091764335729637, 2.901304198771107, 2.8946106920436936, 2.894527559377709, 2.889748282578527, 2.890437669899999, 2.8828056016746832, 2.878585091659001, 2.8771408224592405, 2.874265506559489, 2.8693243739556293, 2.867943438948417, 2.8663644766320986, 2.8640769793062795, 2.8574768256167977, 2.860269826285693, 2.8574571925766614, 2.8532981008899454, 2.8531099922802983, 2.8489301241174037, 2.8502776513294297, 2.845856041324382, 2.8466867184152407, 2.84723583167913, 2.8433108585221425, 2.8436375929384816, 2.8422311009192955, 2.8403856097435463, 2.841322524206979, 2.8408309805149936, 2.841087444704406, 2.8424318542285842, 2.8360419273376465, 2.837156432015555, 2.83765375370882, 2.8394874115379487, 2.837454000297858, 2.8379638961383273, 2.8408467088426863], "acc": [0.0559, 0.0778, 0.0981, 0.1112, 0.1182, 0.1305, 0.1388, 0.1444, 0.1577, 0.1603, 0.1624, 0.1702, 0.1827, 0.1832, 0.1876, 0.192, 0.1972, 0.2059, 0.2008, 0.204, 0.2123, 0.2136, 0.2156, 0.2172, 0.2186, 0.2242, 0.2253, 0.2295, 0.236, 0.234, 0.2394, 0.2368, 0.2447, 0.2446, 0.2436, 0.2491, 0.2581, 0.2518, 0.2496, 0.2511, 0.2536, 0.2636, 0.2602, 0.2626, 0.2643, 0.2685, 0.2684, 0.2683, 0.2704, 0.2729, 0.2734, 0.2738, 0.2725, 0.2746, 0.2766, 0.2799, 0.2824, 0.2794, 0.278, 0.282, 0.2838, 0.283, 0.2827, 0.2851, 0.2892, 0.2895, 0.284, 0.2879, 0.288, 0.2857, 0.2882, 0.2904, 0.2878, 0.2904, 0.2907, 0.2914, 0.2889, 0.2943, 0.2921, 0.2925, 0.292, 0.2905, 0.2927, 0.2929, 0.2926, 0.2926, 0.2943, 0.294, 0.2942, 0.2946, 0.2931, 0.2948, 0.2941, 0.2953, 0.2943, 0.2943, 0.2942, 0.2943, 0.2944, 0.2944]}, "pfn": {"loss": [4.542102013604116, 4.355046017695281, 4.274943472975392, 4.217063810865758, 4.1661452519691595, 4.1190427622552646, 4.068797368114278, 4.013525231409881, 3.9686240766008023, 3.9296027421951294, 3.895168148865134, 3.8580063581466675, 3.8276934825767905, 3.79994662333343, 3.7743411690501842, 3.7531985448578657, 3.729604927159972, 3.707109776593871, 3.7009919760590893, 3.6745729466616095, 3.655808519508879, 3.6441305673728555, 3.624907546124216, 3.601617404970072, 3.598871639219381, 3.582457077705254, 3.5668588007910778, 3.5542406470088634, 3.536267488689746, 3.5295308080770202, 3.514624791630244, 3.494015307749732, 3.4836083731408847, 3.4709480051266945, 3.4592315443491533, 3.4592799615051786, 3.4426318548493464, 3.4299751338312183, 3.422596713243905, 3.4116834988028315, 3.3950683464438227, 3.381198664843026, 3.3794047893103905, 3.374224101082753, 3.3550554412906455, 3.3346600613351596, 3.320889721482487, 3.3117166595943903, 3.2971929150112604, 3.283108286938425, 3.269852056341656, 3.2484406495498397, 3.2482732413178783, 3.231663182630377, 3.2175934254112892, 3.1992358777482632, 3.1956794686236623, 3.1783477108357316, 3.1661938671338357, 3.167551446769197, 3.147000098632554, 3.1393092668662637, 3.1321729765099993, 3.119329212075573, 3.1064358020232894, 3.0950832993297253, 3.089709651672234, 3.075075697090666, 3.0691364114567383, 3.0605007551484187, 3.062351186396712, 3.051864009792522, 3.0447763628878834, 3.030683473005133, 3.024446929915477, 3.021183710987285, 3.013139629768113, 3.00313159368806, 2.9908241861957614, 2.982857015173314, 2.9831283961312245, 2.9706194016893033, 2.971920278112767, 2.9658070681458812, 2.9518694433115296, 2.9383275690725292, 2.936853192620358, 2.9276054471226063, 2.9242013793880655, 2.921509680101427, 2.9070349123518344, 2.9036921242536127, 2.89919056326656, 2.8859379210714566, 2.8888521921836725, 2.873320260290372, 2.8647579682075373, 2.844195590180866, 2.8436091027017367, 2.8248646117873113], "acc": [0.0373, 0.0583, 0.066, 0.0785, 0.0924, 0.1016, 0.1035, 0.1136, 0.1303, 0.1365, 0.1383, 0.1568, 0.157, 0.1558, 0.1593, 0.1641, 0.1705, 0.1799, 0.1806, 0.1838, 0.1914, 0.1883, 0.1916, 0.1956, 0.1979, 0.2065, 0.2044, 0.2077, 0.205, 0.2129, 0.2105, 0.2109, 0.217, 0.2198, 0.2323, 0.2284, 0.2299, 0.2395, 0.2352, 0.2285, 0.2391, 0.2345, 0.2429, 0.2422, 0.2401, 0.2484, 0.2536, 0.2532, 0.2569, 0.2553, 0.2653, 0.271, 0.2693, 0.2698, 0.2709, 0.2802, 0.2861, 0.2829, 0.2777, 0.2822, 0.2999, 0.2892, 0.2984, 0.2894, 0.2937, 0.3056, 0.3013, 0.298, 0.3026, 0.3067, 0.3098, 0.3089, 0.3086, 0.3127, 0.3085, 0.3075, 0.3164, 0.3212, 0.312, 0.3194, 0.3096, 0.3086, 0.3302, 0.3221, 0.3293, 0.3132, 0.3247, 0.3296, 0.3291, 0.3344, 0.3354, 0.3177, 0.3368, 0.3364, 0.3424, 0.3401, 0.3371, 0.3384, 0.3411, 0.3445]}}