{"baseline": {"loss": [2.1483851512679664, 1.8212201647136523, 1.6342275206695127, 1.4827111358837703, 1.3772041550682634, 1.279162601894125, 1.190750319329674, 1.11371923285677, 1.05834432575099, 1.000442012649058, 0.9368142388056001, 0.8960524295906886, 0.855835792658579, 0.8199974763423891, 0.7909115132163552, 0.7574339844381718, 0.7277176544032133, 0.7044089283327313, 0.6871136026766599, 0.6629306856933457, 0.6482152101176474, 0.6317378738347221, 0.6185535001937691, 0.6020044942036309, 0.5962008087683821, 0.5828357780223612, 0.5776412047236167, 0.5727134237966269, 0.569602833379565, 0.5725341154943646], "acc": [0.2782, 0.3463, 0.4294, 0.4651, 0.5256, 0.5637, 0.5873, 0.5784, 0.6412, 0.6509, 0.6736, 0.6926, 0.6969, 0.7148, 0.7222, 0.7266, 0.7349, 0.7479, 0.7538, 0.7562, 0.7578, 0.7611, 0.7667, 0.7679, 0.7719, 0.7741, 0.7734, 0.7711, 0.7725, 0.7734]}, "pfn": {"loss": [2.0150418129113628, 1.7296286455505645, 1.574135011724194, 1.4841464139006633, 1.3877936906521888, 1.2861733610367836, 1.1732360391360719, 1.0842577097056163, 1.00561132760304, 0.9344596051803941, 0.8819431647315354, 0.8279932985830185, 0.7794689566582975, 0.7398771180216309, 0.7011780153455027, 0.673589319829136, 0.6381268452500444, 0.614172786779111, 0.5886568931667396, 0.5599799375704793, 0.5357133094459543, 0.5200548168948239, 0.49695511928299807, 0.4791306421884795, 0.4587221245479096, 0.4443823120478169, 0.427362929029233, 0.40503180491954777, 0.38660291435620975, 0.36629439124365903], "acc": [0.3282, 0.4214, 0.4543, 0.4629, 0.5245, 0.5587, 0.5929, 0.6283, 0.6493, 0.6665, 0.7059, 0.7207, 0.7166, 0.7468, 0.7216, 0.7584, 0.7763, 0.783, 0.7847, 0.7821, 0.7992, 0.7947, 0.8062, 0.8144, 0.8108, 0.8041, 0.8113, 0.8186, 0.8233, 0.8277]}}