{"baseline": {"loss": [4.360208403423924, 4.072234592779213, 3.92065921585883, 3.8133924385470808, 3.731578664096725, 3.663875648127797, 3.603251834049859, 3.5481224486894924, 3.500567159994179, 3.4590593677042696, 3.4196792356193524, 3.383814165964151, 3.3534876001460474, 3.325546455505254, 3.297400703820426, 3.2654917673076813, 3.2389667314641617, 3.2127603271123393, 3.1898480315342583, 3.1684670131224806, 3.139574367371971, 3.120561291189755, 3.0960359634340877, 3.0720059316786354, 3.0547011483965627, 3.033130116474903, 3.0161580923573137, 2.999205640514793, 2.977207579576146, 2.9610772949960227, 2.9479364824417, 2.9356807833132534, 2.915792440209547, 2.9020099139884303, 2.8876087543604623, 2.8759059521853163, 2.8594453505542883, 2.8492531831307177, 2.8366638321400908, 2.8242976817938374, 2.8110919334089663, 2.79768544328792, 2.796000341015399, 2.7790524544923203, 2.776149135721309, 2.764278810652321, 2.7581530489275217, 2.745362436679928, 2.7373612914853696, 2.732407475371495, 2.721741500108138, 2.714884116521577, 2.7049390519671426, 2.7007911089436174, 2.6939331186396998, 2.684095607694153, 2.6773328396975233, 2.671471278685743, 2.671673086902979, 2.6642659094632433, 2.660279991071852, 2.6514172121082122, 2.646844069976026, 2.6437579487900598, 2.6379445166234166, 2.6337237284921318, 2.6299958735170876, 2.6253101142775983, 2.621360051967299, 2.6192122792343957, 2.6153605789174814, 2.614345373704915, 2.608119207270005, 2.6046475534853726, 2.60442654677974, 2.6002429171901227, 2.5983753893381496, 2.597755686401406, 2.5940914605279715, 2.5939095130052103, 2.5879426087869706, 2.5891082445373925, 2.586970639045891, 2.5879322330055334, 2.581985508999251, 2.5803436696376947, 2.5824292431706968, 2.579287738141501, 2.575599766753214, 2.5788700178151243, 2.5799645792187937, 2.5742421918512917, 2.5778934626323182, 2.577880187412662, 2.576322851888359, 2.5758682590006563, 2.574359965141472, 2.574528761836879, 2.5771866174000304, 2.5757039831117594], "acc": [0.0726, 0.0905, 0.1081, 0.1338, 0.1328, 0.1488, 0.1584, 0.1621, 0.1704, 0.1796, 0.1929, 0.1961, 0.2036, 0.2038, 0.2159, 0.2188, 0.2264, 0.2325, 0.2371, 0.2391, 0.2393, 0.2482, 0.2491, 0.2566, 0.2591, 0.262, 0.2664, 0.2634, 0.2745, 0.278, 0.2785, 0.2859, 0.2756, 0.2859, 0.2868, 0.2931, 0.2937, 0.296, 0.2975, 0.3024, 0.3009, 0.3082, 0.302, 0.3034, 0.3025, 0.3084, 0.3094, 0.3143, 0.3149, 0.3163, 0.3173, 0.3224, 0.3221, 0.3226, 0.3254, 0.3242, 0.3285, 0.3228, 0.3337, 0.323, 0.3343, 0.3273, 0.3308, 0.3362, 0.3275, 0.3367, 0.3315, 0.3351, 0.3375, 0.338, 0.3386, 0.3395, 0.336, 0.3386, 0.3423, 0.3364, 0.3402, 0.3402, 0.3422, 0.3367, 0.3401, 0.3399, 0.3399, 0.3428, 0.3435, 0.3415, 0.3438, 0.3418, 0.3416, 0.3433, 0.3427, 0.3411, 0.3438, 0.3424, 0.3427, 0.3424, 0.3422, 0.342, 0.3423, 0.3423]}, "pfn": {"loss": [4.512081856423236, 4.308346586024507, 4.219591361918348, 4.127708312298389, 4.039043389989975, 3.969675565273204, 3.909157496310295, 3.8598958654606594, 3.820046853004618, 3.7793671861607976, 3.749010894653645, 3.7181688318861292, 3.6918859278902096, 3.6622071235737903, 3.6424778704947616, 3.6129675063681095, 3.5879699189612206, 3.5702555017268405, 3.548501937947375, 3.5301304502690094, 3.5035781900933447, 3.489026568798309, 3.4669140572243546, 3.4508888173610606, 3.4333378933845684, 3.4172166631576864, 3.4003088798928767, 3.389331536597394, 3.36626500373191, 3.349239613147492, 3.3397581699046683, 3.323348666251974, 3.313574665150744, 3.309236499096485, 3.3049114663550196, 3.2861450438803814, 3.2627301966890374, 3.2445635166574034, 3.2282611065722526, 3.20366070929994, 3.1831463783345324, 3.169613055979952, 3.1555317513486174, 3.1349240059548236, 3.114883696779292, 3.102247128588088, 3.0855137480066177, 3.0657079656073387, 3.0540462889569873, 3.0371777392448265, 3.0185643125087656, 3.0190589468529883, 3.002029889695188, 2.9824475024608854, 2.9751609832682506, 2.962133850949876, 2.9510720222554307, 2.9300042223423084, 2.925813047936622, 2.912510258086184, 2.9013621766516504, 2.8914995873228033, 2.876158862418317, 2.8660975770747408, 2.858477121718386, 2.850511108560765, 2.842708999552625, 2.825957349006166, 2.8182592107894573, 2.807886160180924, 2.7988553858817893, 2.789506083346428, 2.7779747100586585, 2.768270451971825, 2.7608097776453544, 2.7555206207518883, 2.7435603973713327, 2.7378869695866364, 2.734868350942084, 2.7295176201678335, 2.7161465624545484, 2.7068426040892906, 2.699640570295618, 2.685910380140264, 2.68256453554681, 2.672785897965127, 2.672178127410564, 2.6683303640243854, 2.652600368540338, 2.648152703427254, 2.6403660906122086, 2.6364844778750807, 2.628055854553872, 2.6201926282111634, 2.6166341883070925, 2.60156251420366, 2.5926667507658614, 2.5931985013028407, 2.567464633698159, 2.5413340954070396], "acc": [0.0449, 0.0696, 0.0878, 0.1106, 0.1159, 0.1304, 0.1439, 0.148, 0.1543, 0.1616, 0.1718, 0.1751, 0.1791, 0.1913, 0.1886, 0.1939, 0.1997, 0.2047, 0.2028, 0.2126, 0.2165, 0.2145, 0.2219, 0.2383, 0.2349, 0.246, 0.2416, 0.2455, 0.252, 0.238, 0.2525, 0.2505, 0.2496, 0.2599, 0.2687, 0.2669, 0.2599, 0.2589, 0.2678, 0.2741, 0.2838, 0.2857, 0.2859, 0.2818, 0.3012, 0.304, 0.2967, 0.3043, 0.3045, 0.3081, 0.2988, 0.3153, 0.3149, 0.3185, 0.3118, 0.3276, 0.3199, 0.3316, 0.3231, 0.3302, 0.3334, 0.3296, 0.3276, 0.3396, 0.3384, 0.3442, 0.3417, 0.347, 0.3373, 0.3446, 0.3467, 0.3507, 0.358, 0.3538, 0.3425, 0.3609, 0.3551, 0.3592, 0.3597, 0.358, 0.362, 0.3623, 0.3614, 0.3691, 0.3698, 0.3733, 0.3687, 0.3685, 0.3647, 0.3702, 0.3754, 0.3683, 0.3739, 0.3782, 0.3781, 0.3748, 0.3743, 0.3761, 0.3843, 0.383]}}