{"baseline": {"loss": [4.464787894365739, 4.225091454934101, 4.075865915843418, 3.9728742910891164, 3.893853627905554, 3.833765537154918, 3.7844884517241497, 3.746042527714554, 3.709540020446388, 3.681273341178894, 3.6584134637093055, 3.633138055704078, 3.6131768567221507, 3.5901982528822765, 3.569452552162871, 3.5541831327944386, 3.535772846669567, 3.521550109191817, 3.5032206542637883, 3.489898123303238, 3.4762684289289982, 3.4601439602521, 3.4499385539366276, 3.435530952044896, 3.4266889800830764, 3.407965216101432, 3.395324404142341, 3.3861115282895615, 3.3761896965455036, 3.3664871892150567, 3.3547944949597728, 3.340734113235863, 3.333895172391619, 3.321987150883188, 3.314798007206041, 3.3023955821990967, 3.293212282414339, 3.2757780843851516, 3.2755878981278865, 3.2698053620299516, 3.2552612022477754, 3.246939311222154, 3.2397982028065897, 3.231932309209084, 3.227248258736669, 3.2248914752687727, 3.217682501491235, 3.2082481554576328, 3.1982526937309577, 3.196108882524529, 3.187770291250579, 3.183531853617454, 3.177762897647157, 3.1715943241605955, 3.1697097505841936, 3.1590624135367724, 3.154695289475577, 3.1528426688544604, 3.144483174596514, 3.1418469000835807, 3.1379600580857723, 3.1359046989557693, 3.12781384648109, 3.124862007948817, 3.1215019518015334, 3.1172367297873205, 3.1163538767366994, 3.1123682491633358, 3.1084021050102857, 3.104147587503706, 3.1022068578369764, 3.099739898224266, 3.091604923715397, 3.095074566043153, 3.0927309406046963, 3.091799711694523, 3.088424794527949, 3.091297373479726, 3.0813252451468487, 3.0850234408767854, 3.0815167974452584, 3.0766944191893755, 3.0802583426845316, 3.080420014809589, 3.0717701644313578, 3.0716707657794564, 3.070289987690595, 3.0694978650735347, 3.0724231612925625, 3.072273475783212, 3.0692427255669417, 3.067706800236994, 3.072800591283915, 3.068345464005762, 3.0645521052029667, 3.063021327768053, 3.062958703965557, 3.0695816570398757, 3.0676987706398475, 3.068601217805123], "acc": [0.0347, 0.0662, 0.0877, 0.1011, 0.1166, 0.1209, 0.132, 0.1373, 0.144, 0.1483, 0.1483, 0.1529, 0.1546, 0.1618, 0.1667, 0.1755, 0.1719, 0.1665, 0.1767, 0.1753, 0.1821, 0.183, 0.1885, 0.1886, 0.1942, 0.1965, 0.197, 0.2018, 0.1985, 0.2037, 0.2084, 0.2115, 0.2173, 0.2129, 0.2143, 0.2181, 0.2168, 0.2183, 0.2241, 0.2283, 0.2246, 0.2267, 0.2315, 0.2331, 0.2305, 0.2327, 0.2308, 0.2343, 0.238, 0.2349, 0.2391, 0.2366, 0.2407, 0.2424, 0.2408, 0.2482, 0.2436, 0.2434, 0.2476, 0.248, 0.2437, 0.2463, 0.2463, 0.2492, 0.2479, 0.2508, 0.2532, 0.2537, 0.2524, 0.2525, 0.2524, 0.253, 0.2559, 0.2569, 0.2565, 0.2536, 0.2573, 0.2577, 0.2593, 0.2573, 0.2574, 0.2569, 0.259, 0.2566, 0.2577, 0.2579, 0.2599, 0.2581, 0.258, 0.2601, 0.2592, 0.2599, 0.2595, 0.2597, 0.2592, 0.2596, 0.259, 0.2596, 0.2594, 0.2594]}, "pfn": {"loss": [4.505025588736242, 4.235826815877642, 4.063821948304469, 3.9655245238420913, 3.895463999436826, 3.8371033632025426, 3.792906705214053, 3.757263718819132, 3.720893008368356, 3.690342502934592, 3.6651586245517342, 3.6353645227393327, 3.60383787933661, 3.5829532924963505, 3.56109887848095, 3.5340813301047502, 3.5136303755701803, 3.4911361361036497, 3.467499923949339, 3.4547383955546787, 3.4319380825879624, 3.4187958556778577, 3.401726068282614, 3.3847806611839606, 3.368755257859522, 3.3547529103804608, 3.3336846305399526, 3.325045860543543, 3.309418181983792, 3.297087826290909, 3.2836043481924095, 3.27364524773189, 3.258992260816146, 3.2493069621981405, 3.235998525911448, 3.2234663574063047, 3.2097806261510264, 3.2020853624051933, 3.195313583831398, 3.1866481024391797, 3.1740870414947975, 3.161851300268757, 3.1542229080686766, 3.1429994787488664, 3.135661875715061, 3.122066073271693, 3.117801921708243, 3.1115683025243333, 3.1036027061695957, 3.092611871203598, 3.0880299526817945, 3.080803703288643, 3.0758135245770823, 3.0698243489070816, 3.0594487433530846, 3.0489732562279213, 3.042278078137612, 3.0358875028941097, 3.029861164336302, 3.0243847212012933, 3.014262876948532, 3.008055688167105, 3.0005626556824665, 2.9981702651296342, 2.9864199465634873, 2.985085424111814, 2.975649730283387, 2.973442018032074, 2.965877343197258, 2.9610805499310398, 2.9586686783907363, 2.951330481743326, 2.946840729032244, 2.939718809663033, 2.9388430629457747, 2.925451684971245, 2.923009969750229, 2.918277381634226, 2.9154884936858196, 2.9100463657963034, 2.9081291167103513, 2.895916393824986, 2.8964660265007796, 2.887832459138364, 2.888860659939902, 2.8778406953325075, 2.877420116444023, 2.869197662995786, 2.870932080307785, 2.857755018740284, 2.8582472716059004, 2.855833680045848, 2.847163185781362, 2.844948323405519, 2.836867642645933, 2.835936941662613, 2.8305278505597795, 2.8185084741942736, 2.823035108799837, 2.8111478467376863], "acc": [0.0328, 0.0584, 0.0863, 0.0984, 0.1059, 0.1154, 0.1232, 0.1324, 0.1373, 0.1464, 0.1547, 0.1585, 0.1585, 0.1682, 0.1652, 0.1775, 0.1755, 0.1794, 0.1819, 0.1827, 0.1911, 0.1922, 0.2003, 0.2037, 0.1982, 0.2119, 0.211, 0.2106, 0.2112, 0.2115, 0.2125, 0.2173, 0.2199, 0.2251, 0.2325, 0.2301, 0.2293, 0.2314, 0.2327, 0.2373, 0.238, 0.2411, 0.243, 0.2436, 0.2437, 0.245, 0.2454, 0.2535, 0.2503, 0.2554, 0.2545, 0.2577, 0.2579, 0.2622, 0.2589, 0.2633, 0.2663, 0.2627, 0.2673, 0.2719, 0.2691, 0.2694, 0.2746, 0.2752, 0.2758, 0.2748, 0.2782, 0.2717, 0.276, 0.2801, 0.2861, 0.2827, 0.2844, 0.2829, 0.2851, 0.286, 0.286, 0.29, 0.2928, 0.2905, 0.2955, 0.294, 0.2956, 0.2958, 0.2963, 0.3016, 0.3021, 0.2936, 0.3003, 0.2993, 0.2994, 0.3005, 0.3031, 0.3057, 0.305, 0.307, 0.3068, 0.3074, 0.3075, 0.3132]}}