{"baseline": {"loss": [0.4729652217329184, 0.20827199740291658, 0.15184851589678192, 0.11868503610236145, 0.09580269495327114, 0.08200332266725362, 0.06988423817040426, 0.05912379023166242, 0.0525594591997119, 0.04590701596684325, 0.04062925145275263, 0.03605950561695611, 0.033419052831583355, 0.029588005105433152, 0.025911006039313313, 0.023541240617997748, 0.021922113796098354, 0.018876091019858095, 0.01854720875123905, 0.016854999914745747, 0.01568142432711526, 0.015036897175156745, 0.014328018074694113, 0.013244782067546899, 0.012532357937317025, 0.012559557289126139, 0.011856259763372868, 0.011973494610994674, 0.011890268082196054, 0.011427213925111698], "acc": [0.9376, 0.9536, 0.9636, 0.9685, 0.9742, 0.9755, 0.9783, 0.9772, 0.98, 0.9803, 0.9818, 0.9807, 0.9827, 0.9822, 0.9828, 0.9833, 0.9827, 0.984, 0.984, 0.9837, 0.9839, 0.9834, 0.9833, 0.9832, 0.9832, 0.9831, 0.9829, 0.9828, 0.9828, 0.9827]}, "pfn": {"loss": [2.244602382183075, 2.0687237679958344, 1.8372768610715866, 1.576893836259842, 1.393217757344246, 1.2525320202112198, 1.191084984689951, 1.1135588325560093, 1.0777857974171638, 1.0398284941911697, 1.0166072100400925, 0.9826680310070515, 0.9765158854424953, 0.9594004116952419, 0.9267668761312962, 0.9191673025488853, 0.9088191874325275, 0.9075251445174217, 0.8922909498214722, 0.8892314620316029, 0.8709909990429878, 0.8629781417548656, 0.8717797361314297, 0.858640979975462, 0.8492597453296185, 0.8444213457405567, 0.836742389947176, 0.8586184643208981, 0.8465690836310387, 0.8603838607668877], "acc": [0.5986, 0.6977, 0.7224, 0.7502, 0.7794, 0.7919, 0.8049, 0.8105, 0.8265, 0.8283, 0.8322, 0.8392, 0.8404, 0.8411, 0.8478, 0.8416, 0.8478, 0.8472, 0.8524, 0.8496, 0.852, 0.8541, 0.8528, 0.8514, 0.849, 0.8531, 0.8536, 0.8528, 0.853, 0.8531]}}