{"baseline": {"loss": [2.001808722915552, 1.7702452923025926, 1.6757779316524106, 1.6162461338140774, 1.5679723082296073, 1.5346115821462762, 1.5008210492560932, 1.4731813157001115, 1.446049015235413, 1.4203253838107408, 1.403142474496456, 1.3879179408788072, 1.3662539741877096, 1.346258794865035, 1.3326149806951928, 1.315267673843657, 1.3061035798333795, 1.2945552475921942, 1.2813681248203872, 1.2726263195047598, 1.261241649422804, 1.2509853131021076, 1.2440899427589553, 1.2356753913337921, 1.2301186446643546, 1.2186828052906125, 1.2120737880087264, 1.207028526479326, 1.2021368237407617, 1.1928109770540691, 1.1893510614209772, 1.1845855682402315, 1.1824565011522044, 1.1789178762899335, 1.17495664611192, 1.1686785335431014, 1.1667975992193003, 1.1645799911845371, 1.1615498399795474, 1.1587511185185073, 1.1582551267750734, 1.1554133808216476, 1.1556182003691984, 1.1542468935327457, 1.1534120740792941, 1.153047392740274, 1.1506993404739654, 1.1528354462455301, 1.1528954286404582, 1.1514215108073886], "acc": [0.3489, 0.3784, 0.4184, 0.4224, 0.4614, 0.4641, 0.4775, 0.4893, 0.4999, 0.5035, 0.5004, 0.5128, 0.5296, 0.5314, 0.5355, 0.5487, 0.5394, 0.5529, 0.5617, 0.5457, 0.5515, 0.5685, 0.5674, 0.5576, 0.5693, 0.5693, 0.5804, 0.5759, 0.5794, 0.5719, 0.5776, 0.5561, 0.5803, 0.5918, 0.5804, 0.587, 0.5823, 0.5943, 0.5961, 0.5954, 0.5888, 0.5895, 0.5972, 0.5947, 0.5936, 0.5941, 0.5955, 0.5949, 0.5944, 0.5948]}, "pfn": {"loss": [2.0053481994687443, 1.7789253164130403, 1.6680427939080826, 1.5939697082085378, 1.5265368930519085, 1.4712070720579924, 1.4197736222420811, 1.3861175461498367, 1.352195463826894, 1.3207329023829506, 1.2951523309473492, 1.269030101768806, 1.2489283441582604, 1.2244202619623346, 1.20144444033313, 1.183923045844983, 1.1652026516397287, 1.152175725878352, 1.1386954974945245, 1.123770685299583, 1.107086215939973, 1.0955383303525197, 1.0819607172780634, 1.0742932475741258, 1.055699190367823, 1.0485544315994244, 1.0423042850421214, 1.030170621012178, 1.0145406119353937, 1.0097451444781955, 1.0037533736899686, 0.9946114661748452, 0.9848726968021344, 0.9776823506940662, 0.9682602048529994, 0.9615585529590811, 0.9536926238738057, 0.9468983460570235, 0.9403004342942591, 0.9342786710890357, 0.92731260963718, 0.9166272460957012, 0.9147113921392299, 0.9088284733045436, 0.899542283828911, 0.8951891709471602, 0.8890192456867384, 0.8811397775054892, 0.8735973732855619, 0.8637407684265195], "acc": [0.3375, 0.3806, 0.4067, 0.4545, 0.4688, 0.472, 0.4999, 0.5029, 0.5214, 0.5328, 0.5409, 0.5583, 0.5561, 0.5672, 0.5725, 0.5892, 0.5954, 0.5965, 0.6077, 0.605, 0.6021, 0.6104, 0.614, 0.613, 0.6267, 0.6257, 0.6354, 0.6379, 0.6271, 0.6372, 0.6405, 0.6552, 0.6516, 0.6568, 0.6477, 0.6502, 0.6556, 0.6631, 0.6566, 0.6611, 0.6643, 0.6652, 0.6734, 0.6717, 0.6795, 0.6773, 0.6833, 0.6796, 0.6892, 0.6918]}}