{"baseline": {"loss": [1.9962105144320241, 1.7638091007461938, 1.675754466630004, 1.616575602680216, 1.5721363512146505, 1.5349725091548831, 1.4988477242267346, 1.469949138438915, 1.4436034869659893, 1.4189269981725747, 1.4010657931837585, 1.3825496755292654, 1.3652714067103002, 1.3556589988796302, 1.342309131646705, 1.3325735034845065, 1.3228341780050332, 1.3105245517647786, 1.3007234679463575, 1.2973410037472426, 1.2904867427733244, 1.2852349250822726, 1.2807443306574127, 1.2779045867188203, 1.276722126299768, 1.2741021558146952, 1.269429824846175, 1.2692669681880786, 1.2669587787764762, 1.2677699601863657], "acc": [0.3575, 0.387, 0.4046, 0.4363, 0.4518, 0.462, 0.4705, 0.4903, 0.5015, 0.502, 0.51, 0.5099, 0.5167, 0.5295, 0.5135, 0.5329, 0.5349, 0.5348, 0.5381, 0.5405, 0.5501, 0.5462, 0.5535, 0.5512, 0.5499, 0.5459, 0.5512, 0.5497, 0.5504, 0.55]}, "pfn": {"loss": [2.0075630681289125, 1.7645123029303977, 1.6293730260161183, 1.5404713047130028, 1.472165985485477, 1.4152323986258348, 1.3679257484957994, 1.3276052511561558, 1.2891300169708173, 1.2602955410852457, 1.2333353986520597, 1.2108999960257878, 1.1881020634680453, 1.1663907446214914, 1.1520691674078822, 1.1328467152002828, 1.116221444228726, 1.1002830972756876, 1.088269250929508, 1.076932110140086, 1.0706751226159312, 1.0559265369649433, 1.0470450476307394, 1.0381103996425638, 1.029157004088087, 1.0170831450111115, 1.0094251271403964, 1.0006836404276016, 0.9945041596737054, 0.977860164154521], "acc": [0.3313, 0.3943, 0.4484, 0.4738, 0.5021, 0.4853, 0.5189, 0.5408, 0.5418, 0.5602, 0.5785, 0.5856, 0.5719, 0.6006, 0.6115, 0.5974, 0.6089, 0.6206, 0.6214, 0.6293, 0.6262, 0.6374, 0.6267, 0.6396, 0.6321, 0.6427, 0.6455, 0.6476, 0.6433, 0.655]}}