{"baseline": {"loss": [2.1282844786741295, 1.9299225125994002, 1.8275324945547142, 1.762461123417835, 1.7169596346057192, 1.6803502355303084, 1.6488336020586443, 1.6248100813554258, 1.6043150765555245, 1.5851768972922344, 1.5635181361315202, 1.5460961327260854, 1.5352320902201595, 1.5198444724082947, 1.5117781271739883, 1.4962915729503243, 1.485373662442577, 1.4789800777727244, 1.4694829522346964, 1.4589491827147347, 1.4545081853866577, 1.4419428329078519, 1.438632879938398, 1.4332083573146743, 1.4255016166336683, 1.4206092746890322, 1.417248241755427, 1.413502733318173, 1.406668699517542, 1.4025430946933979, 1.4013904527742036, 1.39478868732647, 1.394846649802461, 1.3894718471838503, 1.3872636374162168, 1.3850428583670635, 1.3842174349998941, 1.3809091460948089, 1.3790529431128988, 1.3802412346917756, 1.3760919583087066, 1.3753155457730195, 1.373285019884304, 1.3728975677976802, 1.3725199383132312, 1.374012264670158, 1.3709095667819589, 1.3699755668640137, 1.3720318358771655, 1.3708869559424264], "acc": [0.2815, 0.3433, 0.3575, 0.3857, 0.3985, 0.4121, 0.423, 0.4264, 0.4272, 0.4399, 0.4479, 0.4365, 0.4557, 0.4583, 0.4718, 0.4685, 0.4706, 0.477, 0.4735, 0.4837, 0.486, 0.4881, 0.491, 0.4858, 0.4979, 0.4965, 0.496, 0.4989, 0.5027, 0.4983, 0.5019, 0.5077, 0.5034, 0.5058, 0.5053, 0.5062, 0.5081, 0.509, 0.5102, 0.5079, 0.5082, 0.5098, 0.5099, 0.5101, 0.5106, 0.511, 0.5101, 0.5107, 0.51, 0.5102]}, "pfn": {"loss": [2.146762273749527, 1.953568352728474, 1.8418861432951323, 1.76444937623277, 1.7160147537990493, 1.6708724681211977, 1.6384281601224626, 1.6019598914652455, 1.569724157148478, 1.5423086090963714, 1.5148727638380868, 1.4959572504977792, 1.476371165441007, 1.4517167356549476, 1.432762850304039, 1.4172139496219402, 1.3991564037848492, 1.395741650036403, 1.3771295486664286, 1.3596054303402803, 1.3501370281589276, 1.3359608017668432, 1.3252710627049815, 1.3122582897848012, 1.3013956936038271, 1.3003606674622517, 1.2865093763993711, 1.2809973225301625, 1.2704049567787015, 1.2614098604844541, 1.251930152883335, 1.243070227759225, 1.2338552803409344, 1.226975864293624, 1.2202619399343217, 1.215985470888566, 1.202522292429087, 1.2000629962707052, 1.1928895298315554, 1.1869037406785148, 1.1888837279105673, 1.1751628469447701, 1.1711848390345672, 1.1640626654332997, 1.1584217378071375, 1.1516393702857348, 1.1445787463869368, 1.141905967070132, 1.1371579705452433, 1.1313128398389232], "acc": [0.2617, 0.3402, 0.3611, 0.3753, 0.3941, 0.4028, 0.4093, 0.426, 0.4307, 0.4509, 0.4622, 0.4732, 0.48, 0.485, 0.4708, 0.5003, 0.5012, 0.503, 0.509, 0.5082, 0.5289, 0.5323, 0.5268, 0.518, 0.5392, 0.5286, 0.5336, 0.5532, 0.5462, 0.5555, 0.5445, 0.5677, 0.5648, 0.5674, 0.559, 0.5655, 0.5701, 0.5602, 0.5883, 0.5906, 0.5863, 0.5895, 0.5902, 0.5758, 0.5948, 0.5948, 0.5981, 0.6037, 0.6016, 0.601]}}