{"baseline": {"loss": [2.001808722915552, 1.7702452923025926, 1.6757779316524106, 1.6162461338140774, 1.5679723082296073, 1.5346115821462762, 1.5008210492560932, 1.4731813157001115, 1.446049015235413, 1.4203253838107408, 1.403142474496456, 1.3879179408788072, 1.3662539741877096, 1.346258794865035, 1.3326149806951928, 1.315267673843657, 1.3061035798333795, 1.2945552475921942, 1.2813681248203872, 1.2726263195047598, 1.261241649422804, 1.2509853131021076, 1.2440899427589553, 1.2356753913337921, 1.2301186446643546, 1.2186828052906125, 1.2120737880087264, 1.207028526479326, 1.2021368237407617, 1.1928109770540691, 1.1893510614209772, 1.1845855682402315, 1.1824565011522044, 1.1789178762899335, 1.17495664611192, 1.1686785335431014, 1.1667975992193003, 1.1645799911845371, 1.1615498399795474, 1.1587511185185073, 1.1582551267750734, 1.1554133808216476, 1.1556182003691984, 1.1542468935327457, 1.1534120740792941, 1.153047392740274, 1.1506993404739654, 1.1528354462455301, 1.1528954286404582, 1.1514215108073886], "acc": [0.3489, 0.3784, 0.4184, 0.4224, 0.4614, 0.4641, 0.4775, 0.4893, 0.4999, 0.5035, 0.5004, 0.5128, 0.5296, 0.5314, 0.5355, 0.5487, 0.5394, 0.5529, 0.5617, 0.5457, 0.5515, 0.5685, 0.5674, 0.5576, 0.5693, 0.5693, 0.5804, 0.5759, 0.5794, 0.5719, 0.5776, 0.5561, 0.5803, 0.5918, 0.5804, 0.587, 0.5823, 0.5943, 0.5961, 0.5954, 0.5888, 0.5895, 0.5972, 0.5947, 0.5936, 0.5941, 0.5955, 0.5949, 0.5944, 0.5948]}, "pfn": {"loss": [2.2938385158777237, 2.2558885514736176, 2.213076651096344, 2.16902756690979, 2.137302353978157, 2.118471071124077, 2.1006155759096146, 2.0905167758464813, 2.072276994585991, 2.0688340812921524, 2.0584804713726044, 2.044952653348446, 2.0472580641508102, 2.0346089750528336, 2.0214574709534645, 2.0199329629540443, 2.0207128897309303, 2.0058955252170563, 1.9997498244047165, 1.9957747608423233, 1.9912861734628677, 1.983625777065754, 1.974193997681141, 1.9877289161086082, 1.9748012274503708, 1.964857280254364, 1.9593432247638702, 1.9504253566265106, 1.951923482120037, 1.9466158226132393, 1.9453891888260841, 1.9360467121005058, 1.9433822482824326, 1.9293133541941643, 1.9315374866127968, 1.9229018688201904, 1.9191227182745934, 1.9238491132855415, 1.9195736274123192, 1.9190275371074677, 1.9152478203177452, 1.9218153581023216, 1.913107268512249, 1.905790701508522, 1.9216011464595795, 1.9122706428170204, 1.9095186814665794, 1.9161759167909622, 1.9164645075798035, 1.9065394401550293], "acc": [0.1674, 0.1909, 0.2101, 0.232, 0.2492, 0.2436, 0.2754, 0.2621, 0.2776, 0.281, 0.2746, 0.2868, 0.2998, 0.3015, 0.2897, 0.3061, 0.3108, 0.3134, 0.3083, 0.322, 0.3201, 0.3245, 0.3274, 0.3234, 0.3283, 0.3221, 0.3306, 0.3304, 0.3349, 0.3366, 0.3357, 0.3369, 0.3408, 0.3441, 0.3445, 0.3447, 0.344, 0.3436, 0.3464, 0.3473, 0.3459, 0.3474, 0.3438, 0.3477, 0.3486, 0.3494, 0.3471, 0.347, 0.3472, 0.3469]}}