{"baseline": {"loss": [4.5049372108615175, 4.242217735368378, 4.130295461537886, 4.056923296986794, 3.9929723034099656, 3.9353214696962007, 3.8753241276254458, 3.8251817469694176, 3.7799565281186784, 3.741448110463668, 3.7004372489695645, 3.6680222968665923, 3.6345280262888693, 3.60342437150527, 3.577799047742571, 3.554359348452821, 3.5292502447050444, 3.504005974652816, 3.4885446952313792, 3.472289793345393, 3.4520568263774014, 3.43466211825001, 3.4180847576686313, 3.4020469456302878, 3.3862448711784516, 3.376609670872591, 3.365502201780981, 3.352693876441644, 3.3349628278187344, 3.326009830650018, 3.317664465125726, 3.3094801854114144, 3.297593301656295, 3.2856444339362945, 3.27787256484129, 3.2667919056756154, 3.25429029367408, 3.245698325488032, 3.2392784357070923, 3.2299219321231454, 3.222120937036008, 3.215050514863462, 3.2046590191977367, 3.197509164712867, 3.1910084048096015, 3.186176042167508, 3.175923773220607, 3.170500636100769, 3.16460395832451, 3.157746825899397, 3.1480772154671803, 3.1455574911467883, 3.13710939154333, 3.1371080778083025, 3.128109170466053, 3.122723715645926, 3.1152692133066604, 3.113573047579551, 3.111538439380879, 3.105258357768156, 3.1018738406045094, 3.098769630704607, 3.0914986571487115, 3.0878813169440447, 3.088733651200119, 3.0845978235711855, 3.078576559923133, 3.0790599414280484, 3.0722587157268912, 3.072042839867728, 3.068565913609096, 3.06724750995636, 3.0627875182093405, 3.0599247144193065, 3.0640418164584102, 3.05771233354296, 3.056180484440862, 3.057715080222305, 3.053455004886705, 3.054112351670557, 3.051627139655911, 3.048913452090049, 3.0498799158602345, 3.048087261161026, 3.0416736456812643, 3.042935001606844, 3.0433399312350216, 3.0470943231971894, 3.0439404103220724, 3.0447540161560993, 3.042778640377278, 3.0418016545626583, 3.0391679272359733, 3.0437372606627795, 3.042020230877156, 3.0380862124112187, 3.039531617748494, 3.041403651237488, 3.0391203067740618, 3.0422238987319323], "acc": [0.0376, 0.0681, 0.082, 0.0889, 0.101, 0.1124, 0.1105, 0.1181, 0.1275, 0.1284, 0.1452, 0.1458, 0.1516, 0.1579, 0.1712, 0.1645, 0.1711, 0.1735, 0.181, 0.1881, 0.1852, 0.1959, 0.1959, 0.2, 0.1955, 0.2015, 0.2014, 0.2078, 0.203, 0.2069, 0.2145, 0.2114, 0.2147, 0.2163, 0.2189, 0.218, 0.2266, 0.2199, 0.2232, 0.2228, 0.2208, 0.229, 0.2301, 0.232, 0.2297, 0.2319, 0.2317, 0.2339, 0.2334, 0.2356, 0.2359, 0.2336, 0.2401, 0.242, 0.2387, 0.2421, 0.2409, 0.2426, 0.2417, 0.2449, 0.2435, 0.2458, 0.2463, 0.2442, 0.2465, 0.2453, 0.2477, 0.2449, 0.247, 0.2458, 0.2463, 0.2489, 0.2493, 0.251, 0.251, 0.2502, 0.2478, 0.2484, 0.2522, 0.2486, 0.2495, 0.2499, 0.2496, 0.2507, 0.25, 0.2485, 0.25, 0.2506, 0.2508, 0.2515, 0.2515, 0.2503, 0.2502, 0.2508, 0.2508, 0.2509, 0.2511, 0.251, 0.2511, 0.2511]}, "pfn": {"loss": [4.579329207792121, 4.445466550730043, 4.337409439733473, 4.287352238671255, 4.251354516562769, 4.212922548843642, 4.175503221608825, 4.141357753236415, 4.107491145699711, 4.080451460207923, 4.047857005717391, 4.021787736375453, 3.9864894454762085, 3.960637929075855, 3.934048398066375, 3.9103266586691645, 3.891125626483206, 3.8655372393333307, 3.8443368289430264, 3.824451810222561, 3.807349803084034, 3.7874023752697443, 3.7744646031977767, 3.7518853696726135, 3.7413907091496355, 3.7285862049814, 3.714590347419351, 3.6960885848029186, 3.6900604417768577, 3.6757607702481545, 3.6632632320210083, 3.6540603637695312, 3.640382827338526, 3.6325872712216136, 3.6229274394148487, 3.6082664303860423, 3.6065210043373757, 3.5943100533242953, 3.5830077963360285, 3.5752520399578547, 3.5684255341352045, 3.5598515130705755, 3.551749694145332, 3.542422791658822, 3.536069603289588, 3.52437810978647, 3.5202024387100996, 3.514074216454716, 3.502741668183925, 3.496719821024749, 3.489402423470707, 3.4812650518902277, 3.471396797794407, 3.462890382540428, 3.467932305093539, 3.4587679879140047, 3.444423837176824, 3.4430361925545387, 3.4377171993255615, 3.4281996630005915, 3.4240788847713146, 3.424234996407719, 3.4144516354900296, 3.409684177172386, 3.3987984455237954, 3.3984436705961065, 3.3962795532355874, 3.3875083236371055, 3.381056821952432, 3.3772967346644, 3.372971296310425, 3.3610654766276733, 3.367951255733684, 3.364294339034517, 3.3558333849502824, 3.3492728694010587, 3.347369428408348, 3.3433614423719504, 3.340964571904328, 3.3336063684043236, 3.3286467487529174, 3.3290288892842956, 3.3212186199123575, 3.3250479536541437, 3.315270666348732, 3.314277968164218, 3.3125959978265276, 3.3086585351976296, 3.3028252205606234, 3.300762233087572, 3.295350329350617, 3.2890161740577826, 3.286604852999671, 3.288001157469669, 3.2802031444290938, 3.2785785319441456, 3.2714726520796953, 3.268914857153165, 3.263440475625507, 3.2640975410655395], "acc": [0.0357, 0.0435, 0.0527, 0.0671, 0.0769, 0.0781, 0.0853, 0.0901, 0.097, 0.1083, 0.1139, 0.116, 0.1188, 0.1303, 0.134, 0.1315, 0.1431, 0.1447, 0.1589, 0.1578, 0.1598, 0.1613, 0.1725, 0.1646, 0.1809, 0.1797, 0.1781, 0.1761, 0.1832, 0.1817, 0.181, 0.1874, 0.1943, 0.1941, 0.2003, 0.1982, 0.2058, 0.2089, 0.2093, 0.2136, 0.2104, 0.2105, 0.2095, 0.2147, 0.2181, 0.2185, 0.2244, 0.2196, 0.2266, 0.2218, 0.2246, 0.2306, 0.2288, 0.2286, 0.235, 0.237, 0.2358, 0.2374, 0.2344, 0.24, 0.234, 0.2273, 0.24, 0.2409, 0.2409, 0.2486, 0.2493, 0.2487, 0.2496, 0.2486, 0.2473, 0.256, 0.2425, 0.2509, 0.2533, 0.2493, 0.254, 0.2564, 0.2601, 0.2588, 0.2549, 0.2652, 0.2542, 0.2659, 0.2641, 0.2613, 0.258, 0.2646, 0.272, 0.2649, 0.264, 0.2625, 0.2697, 0.2663, 0.2707, 0.2642, 0.2719, 0.2738, 0.2733, 0.2731]}}