{"loss": [0.677455934882164, 0.2562931324044863, 0.1782681956887245, 0.1359834775328636, 0.10935014237960179, 0.09070272197326025, 0.07615039510031542, 0.06620491457482179, 0.057878194376826286, 0.05258388842145602, 0.04789774864912033, 0.04602117066582044, 0.04359677682320277, 0.041976018932958443, 0.04120841156691313], "acc": [0.9106, 0.9371, 0.9544, 0.9614, 0.9675, 0.9714, 0.9736, 0.9761, 0.9768, 0.9771, 0.978, 0.9781, 0.9788, 0.979, 0.9793]}