{"loss": [0.6949493060509364, 0.2590562000870705, 0.18270128816366196, 0.13815099596977234, 0.11028176844120026, 0.08985695814092955, 0.0735977747788032, 0.06076694627602895, 0.05175322505335013, 0.04404650740325451, 0.03925785074631373, 0.03145133859167496, 0.02573378533124924, 0.023851085267961026, 0.019911195803433656], "acc": [0.9122, 0.9412, 0.9543, 0.9618, 0.9677, 0.9711, 0.9741, 0.9742, 0.9771, 0.9765, 0.9787, 0.9805, 0.9803, 0.9791, 0.9797]}