{"baseline": {"loss": [2.0560161738979574, 1.843104895280332, 1.7461972820515534, 1.6862555924726992, 1.638295511810147, 1.6015782575218045, 1.5699778266099034, 1.5528684963985366, 1.528859523486118, 1.5130294476236616, 1.4987409406778764, 1.4791282579606893, 1.4685369261673518, 1.4564906589838924, 1.4478562425593942, 1.434305149681714, 1.4301969621862685, 1.422136902809143, 1.4150395119676784, 1.408626870841396, 1.4034342942189197, 1.4003496565380875, 1.3976959726031946, 1.3973538449832372, 1.3925131091049738, 1.387706577169652, 1.3873962376798903, 1.3866213748649674, 1.3871530184940415, 1.38664560536949], "acc": [0.3081, 0.366, 0.3954, 0.4155, 0.4344, 0.4432, 0.4506, 0.4533, 0.4619, 0.4706, 0.4702, 0.4846, 0.485, 0.4895, 0.4906, 0.4967, 0.5021, 0.4966, 0.504, 0.5056, 0.5088, 0.5038, 0.5164, 0.5046, 0.5139, 0.5126, 0.5126, 0.5143, 0.5131, 0.5137]}, "pfn": {"loss": [2.0582606494426727, 1.8467132984375467, 1.7487055610637277, 1.6726758163802478, 1.6045197260623076, 1.549631413148374, 1.505871201048092, 1.47039552914853, 1.4378210719750852, 1.409876356927716, 1.386380980817639, 1.365044039731123, 1.3460230091396643, 1.3233474219331935, 1.306510433250544, 1.2882917140211378, 1.2733292871591997, 1.2686370355742318, 1.2525674451370628, 1.2352641504638049, 1.2333407347299614, 1.215877691701967, 1.1986475282785845, 1.1878725819441738, 1.1777437815860825, 1.1711591923115205, 1.163635488675565, 1.1534362134276603, 1.1434651865642897, 1.1366628913246855], "acc": [0.3162, 0.3628, 0.3884, 0.4104, 0.4209, 0.4414, 0.4786, 0.4854, 0.4986, 0.5157, 0.5061, 0.5286, 0.5225, 0.5363, 0.5308, 0.5482, 0.5549, 0.537, 0.5563, 0.5582, 0.5692, 0.5802, 0.5703, 0.5857, 0.5691, 0.5897, 0.6002, 0.597, 0.5883, 0.6015]}}