{"baseline": {"loss": [1.4305552749530128, 1.1340492159661735, 1.0107801321827237, 0.9267973800373199, 0.8582913200263782, 0.8092198354737533, 0.7610937736528304, 0.7233183737606039, 0.6905141863447931, 0.6631115071304009, 0.6364390791758247, 0.6094669231292232, 0.5886849255665488, 0.5691438080252283, 0.5496952181200847, 0.5343768959078947, 0.5185432402640963, 0.5016427655011186, 0.4902680038529284, 0.4744897318618072, 0.46305244562723447, 0.4534140157196528, 0.44199053676384487, 0.43901919066677314, 0.4340319338509494, 0.4246290057440243, 0.42043593636406656, 0.41715307508969246, 0.4128615777091602, 0.4120148882231749], "acc": [0.5465, 0.605, 0.6473, 0.6729, 0.7125, 0.6991, 0.699, 0.7215, 0.7121, 0.7411, 0.7251, 0.7453, 0.7726, 0.7805, 0.7837, 0.7963, 0.7974, 0.8115, 0.8056, 0.8118, 0.8165, 0.8171, 0.8234, 0.8282, 0.8264, 0.8251, 0.8281, 0.8279, 0.8306, 0.8307]}, "pfn": {"loss": [1.4344526219855793, 1.1267467284446482, 1.0003624451739708, 0.9174110529672764, 0.8518027181134504, 0.7952841216188562, 0.7520019267221241, 0.7212123484410289, 0.6858916320383092, 0.6617338892139132, 0.6377343444720559, 0.6148097490715554, 0.596596339703216, 0.5754475145388747, 0.561358720445267, 0.5492952645129865, 0.5380255099757553, 0.522194091888035, 0.5120462378882387, 0.5019405553179324, 0.492062840505939, 0.4844797421484957, 0.47549192544520663, 0.46857337480234673, 0.4588872864461311, 0.4576345710726955, 0.4459811250686341, 0.4425212858468675, 0.43884117242015536, 0.42696530707275776], "acc": [0.5617, 0.5916, 0.6055, 0.6598, 0.6908, 0.6864, 0.7138, 0.7202, 0.7347, 0.7292, 0.7332, 0.752, 0.7803, 0.7697, 0.7538, 0.7794, 0.7975, 0.7885, 0.7859, 0.7767, 0.7887, 0.7866, 0.806, 0.8113, 0.8137, 0.7832, 0.7956, 0.8037, 0.805, 0.8053]}}