{"baseline": {"loss": [1.4305552749530128, 1.1340492159661735, 1.0107801321827237, 0.9267973800373199, 0.8582913200263782, 0.8092198354737533, 0.7610937736528304, 0.7233183737606039, 0.6905141863447931, 0.6631115071304009, 0.6364390791758247, 0.6094669231292232, 0.5886849255665488, 0.5691438080252283, 0.5496952181200847, 0.5343768959078947, 0.5185432402640963, 0.5016427655011186, 0.4902680038529284, 0.4744897318618072, 0.46305244562723447, 0.4534140157196528, 0.44199053676384487, 0.43901919066677314, 0.4340319338509494, 0.4246290057440243, 0.42043593636406656, 0.41715307508969246, 0.4128615777091602, 0.4120148882231749], "acc": [0.5465, 0.605, 0.6473, 0.6729, 0.7125, 0.6991, 0.699, 0.7215, 0.7121, 0.7411, 0.7251, 0.7453, 0.7726, 0.7805, 0.7837, 0.7963, 0.7974, 0.8115, 0.8056, 0.8118, 0.8165, 0.8171, 0.8234, 0.8282, 0.8264, 0.8251, 0.8281, 0.8279, 0.8306, 0.8307]}, "pfn": {"loss": [1.9490847842162833, 1.6451066453438585, 1.501649803670166, 1.4073815595768298, 1.3388728738745765, 1.2799379265369357, 1.234177850015328, 1.2001990919070475, 1.166065719578882, 1.1339291878368543, 1.1083984948942422, 1.090880622568033, 1.0654591828051125, 1.0541477770451695, 1.0282526096267164, 1.0130213573003364, 0.9964986043360532, 0.9830981412202197, 0.9702004653108699, 0.9550456713380107, 0.9386036360202847, 0.9258701586357468, 0.9098377724742646, 0.8997444411372895, 0.8904092787476756, 0.8813770505244775, 0.8627090184280025, 0.8550919890403748, 0.8459365502800174, 0.8326715242374888], "acc": [0.395, 0.4345, 0.4869, 0.5071, 0.5124, 0.5471, 0.5689, 0.5688, 0.5852, 0.6013, 0.6155, 0.6113, 0.6325, 0.6293, 0.6281, 0.6344, 0.6452, 0.6459, 0.6602, 0.6605, 0.6719, 0.6688, 0.6832, 0.6743, 0.6874, 0.6919, 0.6875, 0.6922, 0.6957, 0.6944]}}