{"baseline": {"loss": [4.473139001890217, 4.092449108353051, 3.863530048019136, 3.65671212532941, 3.501664129364521, 3.360203338096209, 3.242911539419228, 3.12658847323464, 3.015893542858036, 2.9079413840837796, 2.7985985199813648, 2.718448074882293, 2.626924789775058, 2.5405781580054243, 2.4624174757076958, 2.4054213868992407, 2.332268074345406, 2.273229461496748, 2.2223180212328195, 2.1641602522271977, 2.1134956312911286, 2.064520373063929, 2.0158909327538725, 1.9838679547200118, 1.9336311061059117, 1.9013482033444182, 1.8618231075803946, 1.828321318187372, 1.7960089893292284, 1.7692894328890554, 1.744235680536236, 1.7128149953949483, 1.680157698938609, 1.6557266218278108, 1.6329077070631335, 1.6109418631209742, 1.594389398689465, 1.58207892975234, 1.56023654669447, 1.5505060777639794, 1.5393218329495482, 1.5247459969557156, 1.5181641160984478, 1.5077144678901224, 1.5012393805681896, 1.4902711954263166, 1.4831230914806162, 1.4926340162296734, 1.4826992277599051, 1.4795893851448507], "acc": [0.0304, 0.0728, 0.1166, 0.1443, 0.1834, 0.1952, 0.2213, 0.2477, 0.2657, 0.2864, 0.295, 0.313, 0.331, 0.34, 0.361, 0.351, 0.3842, 0.3868, 0.3988, 0.4049, 0.4135, 0.4264, 0.4302, 0.422, 0.4338, 0.4477, 0.4579, 0.4568, 0.4622, 0.4746, 0.4744, 0.4749, 0.4777, 0.486, 0.4889, 0.4914, 0.4945, 0.4908, 0.4979, 0.5026, 0.498, 0.4997, 0.5027, 0.5045, 0.5034, 0.5068, 0.5061, 0.5064, 0.5074, 0.507]}, "pfn": {"loss": [4.402430357530599, 4.045169817517175, 3.78720205275299, 3.5663625181788374, 3.4031333008690563, 3.2672338851577485, 3.1337604772709216, 3.0070698084428793, 2.8978021833902736, 2.7864053627414167, 2.6936150243520127, 2.607758278127217, 2.51925332710871, 2.4444241224957244, 2.3814751693354848, 2.32306997946766, 2.259040064823902, 2.200515579384611, 2.1571970876220545, 2.101015411069631, 2.051031365723866, 2.005689474322912, 1.9648263006259108, 1.9338231961745436, 1.8935897139941944, 1.8568135756056021, 1.817213878302318, 1.7818851556314532, 1.7543207538097412, 1.7228787481937262, 1.6874669436603555, 1.6613181088586597, 1.6328944617220202, 1.6030972537482182, 1.590731071999006, 1.548956665846393, 1.5224981289690414, 1.506294742569594, 1.472233729289316, 1.4525541567131686, 1.4253916142846617, 1.3926639715423974, 1.3739312536576216, 1.3432166995599752, 1.3249916303188294, 1.3056422026870806, 1.2750950534935193, 1.2419427669871494, 1.2035213530520954, 1.1555972645044936], "acc": [0.0384, 0.0889, 0.1309, 0.1722, 0.1981, 0.2248, 0.2493, 0.2715, 0.2853, 0.2887, 0.3239, 0.3375, 0.3445, 0.3586, 0.3767, 0.3775, 0.4057, 0.4017, 0.4059, 0.4202, 0.4345, 0.4363, 0.4423, 0.4539, 0.4481, 0.459, 0.4601, 0.4706, 0.4653, 0.4682, 0.4722, 0.4768, 0.4818, 0.4864, 0.493, 0.4908, 0.497, 0.4865, 0.5015, 0.5021, 0.5019, 0.4976, 0.5132, 0.5079, 0.5111, 0.5104, 0.5144, 0.5197, 0.5193, 0.5246]}}