{"baseline": {"loss": [4.5049372108615175, 4.242217735368378, 4.130295461537886, 4.056923296986794, 3.9929723034099656, 3.9353214696962007, 3.8753241276254458, 3.8251817469694176, 3.7799565281186784, 3.741448110463668, 3.7004372489695645, 3.6680222968665923, 3.6345280262888693, 3.60342437150527, 3.577799047742571, 3.554359348452821, 3.5292502447050444, 3.504005974652816, 3.4885446952313792, 3.472289793345393, 3.4520568263774014, 3.43466211825001, 3.4180847576686313, 3.4020469456302878, 3.3862448711784516, 3.376609670872591, 3.365502201780981, 3.352693876441644, 3.3349628278187344, 3.326009830650018, 3.317664465125726, 3.3094801854114144, 3.297593301656295, 3.2856444339362945, 3.27787256484129, 3.2667919056756154, 3.25429029367408, 3.245698325488032, 3.2392784357070923, 3.2299219321231454, 3.222120937036008, 3.215050514863462, 3.2046590191977367, 3.197509164712867, 3.1910084048096015, 3.186176042167508, 3.175923773220607, 3.170500636100769, 3.16460395832451, 3.157746825899397, 3.1480772154671803, 3.1455574911467883, 3.13710939154333, 3.1371080778083025, 3.128109170466053, 3.122723715645926, 3.1152692133066604, 3.113573047579551, 3.111538439380879, 3.105258357768156, 3.1018738406045094, 3.098769630704607, 3.0914986571487115, 3.0878813169440447, 3.088733651200119, 3.0845978235711855, 3.078576559923133, 3.0790599414280484, 3.0722587157268912, 3.072042839867728, 3.068565913609096, 3.06724750995636, 3.0627875182093405, 3.0599247144193065, 3.0640418164584102, 3.05771233354296, 3.056180484440862, 3.057715080222305, 3.053455004886705, 3.054112351670557, 3.051627139655911, 3.048913452090049, 3.0498799158602345, 3.048087261161026, 3.0416736456812643, 3.042935001606844, 3.0433399312350216, 3.0470943231971894, 3.0439404103220724, 3.0447540161560993, 3.042778640377278, 3.0418016545626583, 3.0391679272359733, 3.0437372606627795, 3.042020230877156, 3.0380862124112187, 3.039531617748494, 3.041403651237488, 3.0391203067740618, 3.0422238987319323], "acc": [0.0376, 0.0681, 0.082, 0.0889, 0.101, 0.1124, 0.1105, 0.1181, 0.1275, 0.1284, 0.1452, 0.1458, 0.1516, 0.1579, 0.1712, 0.1645, 0.1711, 0.1735, 0.181, 0.1881, 0.1852, 0.1959, 0.1959, 0.2, 0.1955, 0.2015, 0.2014, 0.2078, 0.203, 0.2069, 0.2145, 0.2114, 0.2147, 0.2163, 0.2189, 0.218, 0.2266, 0.2199, 0.2232, 0.2228, 0.2208, 0.229, 0.2301, 0.232, 0.2297, 0.2319, 0.2317, 0.2339, 0.2334, 0.2356, 0.2359, 0.2336, 0.2401, 0.242, 0.2387, 0.2421, 0.2409, 0.2426, 0.2417, 0.2449, 0.2435, 0.2458, 0.2463, 0.2442, 0.2465, 0.2453, 0.2477, 0.2449, 0.247, 0.2458, 0.2463, 0.2489, 0.2493, 0.251, 0.251, 0.2502, 0.2478, 0.2484, 0.2522, 0.2486, 0.2495, 0.2499, 0.2496, 0.2507, 0.25, 0.2485, 0.25, 0.2506, 0.2508, 0.2515, 0.2515, 0.2503, 0.2502, 0.2508, 0.2508, 0.2509, 0.2511, 0.251, 0.2511, 0.2511]}, "pfn": {"loss": [4.50470021306252, 4.224238585452644, 4.113467844165101, 4.045469588162947, 3.978952230239401, 3.911955646106175, 3.8486966381267624, 3.7893427561740487, 3.7307723565977446, 3.681261585683239, 3.6398260374458467, 3.595436307848716, 3.557147575884449, 3.52527924703092, 3.49383807182312, 3.4624209282349567, 3.4341680176404057, 3.4110061830403855, 3.3880354506628856, 3.3609155221861235, 3.3360517049322325, 3.3125065029883873, 3.288363444561861, 3.274737165898693, 3.2492142721098296, 3.2371743455225106, 3.218765540998809, 3.196626928387856, 3.178088981278089, 3.1597552007558396, 3.1462418132898757, 3.130920505037113, 3.1142002076518778, 3.0999085757197165, 3.086796303184665, 3.077334632678908, 3.064582260287538, 3.0516316939373405, 3.0344783359644363, 3.020649338255123, 3.0001064782239952, 2.976526496361713, 2.958107512824389, 2.941688600851565, 2.9301750124717247, 2.911133797801271, 2.8975446662124322, 2.89174768632772, 2.876576603675375, 2.866971753081497, 2.849682119427895, 2.8354909322699724, 2.818680760811786, 2.8074246523331623, 2.7888546598200894, 2.77952258440913, 2.764779677196425, 2.751868014432946, 2.741032045714709, 2.7323034758470497, 2.721754176276071, 2.7028505242600733, 2.6950284388600565, 2.687615552727057, 2.675989087747068, 2.6649239452517763, 2.6573920030983125, 2.6475671432456194, 2.6401174895617427, 2.6311864560964158, 2.6185311468280092, 2.60633300518503, 2.5980604741038107, 2.588333188271036, 2.5841053845931072, 2.576679974186177, 2.5644608541410796, 2.5541379865334957, 2.5438730838347454, 2.536838003567287, 2.5333419819267426, 2.520010704896888, 2.5218231264425786, 2.5064317182618745, 2.497171944501449, 2.4903809221423403, 2.480856406445406, 2.4772671899017022, 2.4753734457249545, 2.464796479867429, 2.4604988560384635, 2.4448162487574985, 2.442140605984902, 2.4354472865863723, 2.430450458915866, 2.4176371730103785, 2.404673313607975, 2.4031838032664083, 2.3870947628605124, 2.3770130361829485], "acc": [0.0433, 0.0694, 0.0823, 0.0941, 0.101, 0.1069, 0.1161, 0.1329, 0.1383, 0.1426, 0.1546, 0.1658, 0.1693, 0.165, 0.1729, 0.1851, 0.1838, 0.1882, 0.1975, 0.1963, 0.2056, 0.2117, 0.2134, 0.216, 0.2206, 0.222, 0.2234, 0.2233, 0.2325, 0.2252, 0.2331, 0.2311, 0.2362, 0.2417, 0.2474, 0.2503, 0.2503, 0.2473, 0.2497, 0.2482, 0.2537, 0.2545, 0.269, 0.2666, 0.2757, 0.2821, 0.278, 0.2808, 0.2845, 0.2774, 0.2834, 0.2885, 0.2935, 0.3, 0.2986, 0.2983, 0.2914, 0.2985, 0.3059, 0.2984, 0.3132, 0.3057, 0.3111, 0.315, 0.3222, 0.318, 0.3184, 0.3231, 0.3268, 0.3301, 0.3223, 0.3265, 0.3316, 0.3325, 0.3279, 0.337, 0.3424, 0.3379, 0.3324, 0.339, 0.3533, 0.342, 0.3493, 0.3532, 0.3506, 0.3535, 0.3598, 0.3609, 0.3518, 0.3566, 0.3634, 0.3641, 0.3613, 0.3597, 0.3662, 0.3689, 0.3717, 0.3751, 0.3732, 0.3792]}}