{"loss": [2.1552398999532065, 1.3411340415477753, 0.7782171130180359, 0.5219562699397405, 0.39050964812437694, 0.3119435975948969, 0.26347154726584754, 0.22995077073574066, 0.2047293156385422, 0.18406783789396286, 0.1639942263563474, 0.15420060753822326, 0.14226052860418956, 0.1319552664955457, 0.1278310939669609, 0.12167534877856573, 0.1180496096611023, 0.11523915653427443, 0.11273045415679614, 0.1120229219396909], "acc": [0.3093, 0.6532, 0.8077, 0.8752, 0.8974, 0.9192, 0.9215, 0.9305, 0.9362, 0.9422, 0.9441, 0.9466, 0.9472, 0.9482, 0.9497, 0.9497, 0.9504, 0.95, 0.9506, 0.9506]}