{"loss": [2.2029534578323364, 1.7104364554087321, 1.1625091830889385, 0.867817634344101, 0.677673053741455, 0.5076372017463048, 0.6627512067556381, 0.36910363137722013, 0.3168680161237717, 0.28670902401208875, 0.2502428377668063, 0.22851086755593616, 0.19709980140129726, 0.17954594095547993, 0.19254963099956512, 0.1391433907051881, 0.128328438103199, 0.12577722022930782, 0.12781338865558306, 0.11107106780012449], "acc": [0.2188, 0.4245, 0.6133, 0.7124, 0.8205, 0.8265, 0.8785, 0.8992, 0.9046, 0.9205, 0.9258, 0.9321, 0.9359, 0.9277, 0.9448, 0.947, 0.9449, 0.9445, 0.9514, 0.9481]}