{"baseline": {"loss": [0.8175710881951013, 0.28199455508990073, 0.21139217490580545, 0.16674459374535566, 0.1452986318260622, 0.12864169622185642, 0.17442941570332818, 0.09380565128767732, 0.08109859655152506, 0.07656792273719126, 0.06448494592336004, 0.06186889427036905, 0.05106636614420576, 0.04696760868737057, 0.045218841451009725, 0.034517132837736386, 0.028480700290288284, 0.02774795488736628, 0.023660522983419394, 0.020229326158914384, 0.015306167140969686, 0.012304909832550705, 0.011011126679091552, 0.009547634764798736, 0.008314747615365624, 0.007163404831719554, 0.00598582646731391, 0.005282027013790071, 0.004793138585813652, 0.004601533718024646], "acc": [0.9056, 0.9245, 0.9489, 0.9551, 0.9518, 0.9562, 0.9628, 0.9579, 0.964, 0.9631, 0.9685, 0.9689, 0.9662, 0.9736, 0.9702, 0.9729, 0.9735, 0.9739, 0.9747, 0.9741, 0.9744, 0.9752, 0.9747, 0.974, 0.9738, 0.9753, 0.975, 0.9743, 0.9743, 0.9743]}, "pfn": {"loss": [1.299467362447588, 0.5618071301913719, 0.2547995219193796, 0.25164028928319276, 0.15853232904267844, 0.16495318238589682, 0.11058949672980413, 0.10186970242257438, 0.10038557220429087, 0.14260093653515013, 0.08270082238620755, 0.07018638167705045, 0.16068237979582617, 0.06331036668687837, 0.0691765473747471, 0.05766085209151202, 0.05164554691426694, 0.31373673719294404, 0.13821971665587285, 0.10235910536224908, 0.07141499564563955, 0.06618929789441307, 0.056441480977468685, 0.08332505221885722, 0.07850746489735617, 0.07800431056583582, 0.0612892437510804, 0.05577039157637635, 0.05519575454386027, 0.04820293833170015], "acc": [0.674, 0.9139, 0.9248, 0.9455, 0.9508, 0.9555, 0.9624, 0.9647, 0.9615, 0.9656, 0.9682, 0.9697, 0.9685, 0.9686, 0.9726, 0.9728, 0.9726, 0.9614, 0.9555, 0.9641, 0.9674, 0.9707, 0.9719, 0.9692, 0.9568, 0.9648, 0.9685, 0.9728, 0.9685, 0.973]}}