{"baseline": {"loss": [2.09126524414335, 1.8903003833731826, 1.7821349562430868, 1.7175706047184613, 1.668826058811071, 1.641268669342508, 1.6150410376033004, 1.5922733885901315, 1.575040573976478, 1.559340467866586, 1.545039142881121, 1.5343231698688196, 1.5254010698016809, 1.510534403883681, 1.5125408622683312, 1.4974163119890251, 1.4886532085282462, 1.4801403934858284, 1.4758628466907813, 1.4677289669611016, 1.4621341039939804, 1.4638477338820088, 1.456096173549185, 1.4533379181307189, 1.4471623319752362, 1.4440237709454127, 1.441791787439463, 1.434611355163613, 1.4327703282541158, 1.426885467402789, 1.426250195624877, 1.4204584165495269, 1.4147882072293028, 1.418846610857516, 1.4151771384842542, 1.4151645114227218, 1.41209028144272, 1.4091110551843837, 1.4089022315278346, 1.407758283371828, 1.407785829840874, 1.4028245605984513, 1.4048225514742794, 1.4019361740472365, 1.4024646543726629, 1.4013279554795246, 1.4018260824437043, 1.4025166411789096, 1.4007976486974834, 1.400367125564692], "acc": [0.2905, 0.3502, 0.3763, 0.3986, 0.4168, 0.4257, 0.4353, 0.4436, 0.448, 0.4326, 0.4516, 0.4502, 0.4647, 0.4628, 0.4647, 0.4693, 0.4678, 0.4746, 0.4759, 0.4807, 0.4798, 0.4785, 0.4836, 0.4822, 0.485, 0.4875, 0.4836, 0.4826, 0.4917, 0.4856, 0.4937, 0.4877, 0.4857, 0.4942, 0.4966, 0.4956, 0.4911, 0.488, 0.4983, 0.4957, 0.4942, 0.4971, 0.4952, 0.4968, 0.4966, 0.4971, 0.4974, 0.4978, 0.4978, 0.4978]}, "pfn": {"loss": [2.1047071048191617, 1.9092148414679937, 1.8158878057586902, 1.7638070400880308, 1.7240389372621263, 1.6987771093845367, 1.6828931113895105, 1.6639611848763056, 1.6446302332440201, 1.6294611558622243, 1.6186558950920493, 1.604897873134029, 1.594893145317934, 1.5825332561317755, 1.5686555529127315, 1.5596344629112555, 1.5482156909241969, 1.5425172697524636, 1.5308132554803575, 1.5193269283187634, 1.5139168665117146, 1.5014669293043565, 1.4980409595431115, 1.488552555137751, 1.4819248580202764, 1.4795300626024908, 1.4667855896511857, 1.471197977966192, 1.4594865264941235, 1.4531936426551975, 1.4492143489876572, 1.44589536591452, 1.4432140199505552, 1.4363949456993415, 1.4318984205625496, 1.431844829296579, 1.4311760518015648, 1.421305748881126, 1.4185818214805759, 1.4163152861351869, 1.4092112822192056, 1.406599806887763, 1.4058612645888815, 1.4019108864725853, 1.397225094084837, 1.397267963205065, 1.3931105179446084, 1.3890027117972472, 1.3884938274111067, 1.3868456148371404], "acc": [0.2783, 0.3185, 0.3583, 0.3705, 0.3743, 0.3823, 0.3928, 0.4003, 0.4052, 0.4023, 0.4015, 0.4255, 0.428, 0.4313, 0.4348, 0.4277, 0.4339, 0.4504, 0.4431, 0.4548, 0.4408, 0.4582, 0.4606, 0.4557, 0.4671, 0.4755, 0.4743, 0.4693, 0.4744, 0.4749, 0.4815, 0.4903, 0.4702, 0.4797, 0.4913, 0.4731, 0.4874, 0.4958, 0.4971, 0.4936, 0.4935, 0.4968, 0.4916, 0.4934, 0.4968, 0.5082, 0.5029, 0.4991, 0.5059, 0.5061]}}