{"baseline": {"loss": [0.5896863404240436, 0.24786601074214684, 0.18678830564022064, 0.15030675830998655, 0.12452265346196414, 0.10770863114294213, 0.09324601463782889, 0.0830942126892523, 0.07313905428570788, 0.06567722057173056, 0.05932071285922009, 0.05318472672230018, 0.04928633724170516, 0.04451562891473998, 0.04178646673907095, 0.03719562900635892, 0.035430031842482626, 0.03432948217302291, 0.03181129813527883, 0.030505490054422095, 0.028300496877661584, 0.027381276053541313, 0.026838707869677847, 0.02587975915481668, 0.025466429538278185, 0.02507257334806565, 0.024806411390794494, 0.024093461101815136, 0.02340432541615673, 0.0240219328607093], "acc": [0.9253, 0.9449, 0.9566, 0.9631, 0.9666, 0.9716, 0.9725, 0.9763, 0.9782, 0.9789, 0.9792, 0.9804, 0.9809, 0.9802, 0.9812, 0.9821, 0.9822, 0.9829, 0.9827, 0.9821, 0.9828, 0.9826, 0.9824, 0.9824, 0.983, 0.9831, 0.9833, 0.983, 0.9833, 0.9832]}, "pfn": {"loss": [0.5831716869558606, 0.22023065540709222, 0.13967970451280506, 0.10444709863553424, 0.08291151454207549, 0.06861848107922369, 0.057169300337224754, 0.04830494062053655, 0.04298502727568563, 0.036109938141284215, 0.03090373264587939, 0.02775803830391213, 0.023928317328744224, 0.021939113569845046, 0.01947894130673593, 0.016914466304132646, 0.014499047589150748, 0.013908640688919683, 0.013017942047944027, 0.01163483873470875, 0.010525968913951996, 0.010859542026761364, 0.009792307587360332, 0.008343541736665891, 0.007583713987865783, 0.007472433216585867, 0.005952528574745228, 0.004989087218271026, 0.005052497882095885, 0.004128553160149277], "acc": [0.9267, 0.9562, 0.9659, 0.9733, 0.9749, 0.9784, 0.9783, 0.9814, 0.9821, 0.9824, 0.9826, 0.9827, 0.983, 0.9841, 0.9835, 0.984, 0.9828, 0.9839, 0.9842, 0.9845, 0.9834, 0.9836, 0.9842, 0.9837, 0.9838, 0.9842, 0.9843, 0.9837, 0.9848, 0.985]}}