{"baseline": {"loss": [4.449654225498209, 4.139139002241442, 3.9145867916019372, 3.7174502992264147, 3.543330404764551, 3.416840456940634, 3.3021507787582514, 3.184975919211307, 3.084731965418667, 2.970848984730518, 2.8699370515925806, 2.785288519261743, 2.6999222829823606, 2.6238053503548704, 2.557077554790565, 2.486295233297226, 2.4225704047990884, 2.36997549948485, 2.2980125962620805, 2.25209162271846, 2.199735793921039, 2.1516352602283058, 2.0917139766771164, 2.059938284747131, 2.0144081634023916, 1.965805143956333, 1.9282841767801349, 1.885667901209858, 1.855252426298683, 1.8238608599318873, 1.784923782434, 1.7570849336931467, 1.7237757090717325, 1.6971734402429721, 1.6619432475560767, 1.6384042205712985, 1.607591347011459, 1.5860865677104277, 1.5547417435804596, 1.5257381898972688, 1.5117759113116642, 1.4841805419043812, 1.4687955196556228, 1.4475294708290978, 1.4146094361839392, 1.396431885107094, 1.3793189681094626, 1.3606941983522967, 1.3342829967093894, 1.320521379523265, 1.2947048654641642, 1.2925516318177324, 1.2623708735951378, 1.2456036005788447, 1.231199998837298, 1.2115551336951877, 1.1941533767048964, 1.1804763819555493, 1.1656365274163463, 1.1475462735156574, 1.1326957973068024, 1.1119231006983297, 1.1138618445152517, 1.0988498840795453, 1.0834667242091636, 1.0705074431646207, 1.0544966721473752, 1.0411345429737549, 1.028952160454772, 1.026838995306693, 1.010848299926504, 0.9993935370689158, 0.9839166857092582, 0.9783815275067869, 0.9664798005462607, 0.9660251660420157, 0.9466734427930145, 0.9474647850026865, 0.9351805382982239, 0.9304213151907372, 0.9262763714546438, 0.9136518169851864, 0.9120501034400043, 0.9016706161486828, 0.8930745839767749, 0.890917659872938, 0.8841736720651007, 0.8769446000113816, 0.8796653576824062, 0.8757676976111234, 0.87585490316991, 0.8700995172381096, 0.8646990105014323, 0.8676725944594654, 0.8624133903657079, 0.8657722674367373, 0.8614538645805301, 0.8608891512731762, 0.8642564315320281, 0.8549147608030178], "acc": [0.0285, 0.0637, 0.1064, 0.1448, 0.1616, 0.1857, 0.2142, 0.2254, 0.2526, 0.2675, 0.2908, 0.3003, 0.3163, 0.3341, 0.3391, 0.3507, 0.3634, 0.3797, 0.3808, 0.3844, 0.4028, 0.4123, 0.4225, 0.4228, 0.4261, 0.4401, 0.4512, 0.4511, 0.4566, 0.4592, 0.4563, 0.4599, 0.4779, 0.4759, 0.4711, 0.483, 0.4951, 0.4933, 0.4894, 0.4976, 0.5035, 0.5065, 0.5057, 0.5083, 0.5099, 0.5129, 0.5184, 0.51, 0.5176, 0.5181, 0.5236, 0.5244, 0.5275, 0.5239, 0.5225, 0.5291, 0.5305, 0.5236, 0.5309, 0.5344, 0.5275, 0.5328, 0.5327, 0.5309, 0.532, 0.5376, 0.5396, 0.5357, 0.5404, 0.5352, 0.5391, 0.5393, 0.5392, 0.5403, 0.5423, 0.5418, 0.5386, 0.5421, 0.5445, 0.5427, 0.5428, 0.5429, 0.5436, 0.5437, 0.5438, 0.544, 0.544, 0.5427, 0.5449, 0.5434, 0.5442, 0.5453, 0.5446, 0.5439, 0.5444, 0.5434, 0.5437, 0.5447, 0.5455, 0.5454]}, "pfn": {"loss": [4.493807902421488, 4.21882421220355, 3.9599050249894865, 3.7600790106731914, 3.584206849412845, 3.4520700191292923, 3.3392479163606454, 3.2373605884249557, 3.1459797910412255, 3.0574505597429202, 2.9688721178742625, 2.881667525567057, 2.8166501686701078, 2.743057715008631, 2.682509568646131, 2.6167832262375774, 2.568932258869376, 2.517434988485273, 2.462095070982833, 2.411891434198755, 2.376422202800546, 2.327062680288349, 2.290311547496435, 2.2475803654517055, 2.2072235970850795, 2.1736039612299343, 2.1280858906943476, 2.104404730565103, 2.0610147275583213, 2.0264171258262964, 1.9965907457234608, 1.9593305874358662, 1.934694571263345, 1.9213268753817625, 1.8832966211201894, 1.857211908111182, 1.8355133396280392, 1.8057122346385361, 1.7860457534375398, 1.7631004432887982, 1.7298633942518697, 1.7186507754923437, 1.696909955090574, 1.6725935685969984, 1.6574408017156068, 1.6371293674649485, 1.6161489944018976, 1.5964244076662966, 1.5955171911307917, 1.570560140682913, 1.551308287379077, 1.5367340032401902, 1.5158253005703393, 1.5085022595837294, 1.4828806024073335, 1.4780969863657452, 1.4620983185975447, 1.445114955877709, 1.4453378004186295, 1.4163563868883626, 1.403046094548062, 1.3901894970623123, 1.3784571629960825, 1.3637899405816023, 1.3524887118193194, 1.3394264501074087, 1.3377272361684638, 1.31721885658591, 1.3059925859236656, 1.2926829966437785, 1.2854512286613056, 1.2643065040983508, 1.252434151099466, 1.2497563506941052, 1.2459648596051405, 1.2301285192179863, 1.2071478135140656, 1.1978099519944252, 1.187248504375253, 1.1852327455645022, 1.1676894429394655, 1.1614335058900096, 1.1515070360030055, 1.1303132400488305, 1.1204877852478905, 1.111099723964701, 1.1030126287199347, 1.0875068470035367, 1.075072040185904, 1.062215190561836, 1.0595818290015315, 1.036517535938936, 1.0281870895639404, 1.0064460307435916, 0.991667628288269, 0.9773803467640791, 0.9582197969526891, 0.926979533851604, 0.8976351920601047, 0.8645053033328727], "acc": [0.0266, 0.0617, 0.0914, 0.1375, 0.1632, 0.1852, 0.2045, 0.2192, 0.2337, 0.2608, 0.2668, 0.2762, 0.2989, 0.3093, 0.3194, 0.3281, 0.348, 0.3459, 0.3494, 0.3583, 0.3714, 0.3731, 0.3816, 0.3908, 0.3888, 0.4143, 0.4153, 0.4181, 0.4173, 0.419, 0.4217, 0.4249, 0.44, 0.4358, 0.4487, 0.4456, 0.4607, 0.4583, 0.4567, 0.4707, 0.4638, 0.4682, 0.4772, 0.4776, 0.4796, 0.4802, 0.4905, 0.4833, 0.4792, 0.4989, 0.4924, 0.4961, 0.4973, 0.4971, 0.4996, 0.5042, 0.5031, 0.4985, 0.5059, 0.5079, 0.5174, 0.5107, 0.5036, 0.5151, 0.5099, 0.5098, 0.518, 0.5186, 0.5164, 0.508, 0.5206, 0.5205, 0.5185, 0.5148, 0.5215, 0.5264, 0.5222, 0.5278, 0.5249, 0.5219, 0.5278, 0.5209, 0.5263, 0.5271, 0.5237, 0.5244, 0.5249, 0.5314, 0.5301, 0.5279, 0.5333, 0.5307, 0.535, 0.5357, 0.539, 0.5398, 0.5307, 0.5365, 0.5408, 0.5457]}}