{"baseline": {"loss": [1.9288990388111191], "acc": [0.3238]}, "pfn": {"loss": [1.9414534720839287], "acc": [0.3626]}}