{"baseline": {"loss": [2.0299759853859336, 1.8188057955430479, 1.6819472750838922, 1.560253844577439, 1.4856955250915216, 1.4148526854661045, 1.3346779656653502, 1.2583174328414761, 1.195159766747027, 1.147098325344981, 1.0885724033019981, 1.0308015665837698, 0.9954432620077717, 0.9574683928976253, 0.9134531820915184, 0.8833148184479499, 0.8552806578120407, 0.8297995237671599, 0.8068227941284374, 0.7879652031222169, 0.7671801417457814, 0.755903031753034, 0.7369660278972314, 0.724791736018901, 0.7133267293779217, 0.7073513637391888, 0.6950813845104101, 0.6928721353107569, 0.690846321230032, 0.6865959492873173], "acc": [0.2804, 0.3505, 0.4118, 0.4267, 0.477, 0.5014, 0.5351, 0.5642, 0.5852, 0.5984, 0.6169, 0.6437, 0.6544, 0.6608, 0.6801, 0.6822, 0.7031, 0.7022, 0.6948, 0.6985, 0.7207, 0.7245, 0.7258, 0.7285, 0.7333, 0.7302, 0.7361, 0.7364, 0.7371, 0.7357]}, "pfn": {"loss": [2.0549186011966394, 1.818764393426934, 1.6851545438474538, 1.5627738194806235, 1.4406075720884362, 1.3566587013857705, 1.263125823468578, 1.196898945740291, 1.1285647482288128, 1.058492785813857, 1.0019080432093874, 0.9562799243294463, 0.9191308608468698, 0.8709618649920639, 0.8449088736456267, 0.8059886909869253, 0.7764651717580094, 0.7446397722375636, 0.7118818215569671, 0.6915894500455078, 0.6733505078116242, 0.6538629512093506, 0.623055807181767, 0.6152874535443832, 0.5940865342106137, 0.5768432802691752, 0.5680338808772515, 0.548456474834559, 0.5359669298845895, 0.522963856860083], "acc": [0.2901, 0.3556, 0.3934, 0.4732, 0.4704, 0.5337, 0.5586, 0.54, 0.6151, 0.6382, 0.6498, 0.6462, 0.6864, 0.6962, 0.6947, 0.717, 0.7181, 0.7326, 0.738, 0.737, 0.7547, 0.755, 0.7627, 0.7701, 0.7734, 0.7759, 0.7861, 0.7827, 0.7858, 0.7889]}}