{"baseline": {"loss": [2.0902452931112174, 1.8809763856080113, 1.7998575270175934, 1.7456638697458773, 1.705660230042983, 1.6851643104942478, 1.6613094259281547, 1.6479156777566792, 1.6311745315181965, 1.6165070491177695, 1.6063899124155239, 1.590440729442908, 1.5824867559939015, 1.57473388192605, 1.5664993469812432, 1.5612299314567022, 1.5535578210743106, 1.5491656296107235, 1.5417488697840243, 1.5413469386344054, 1.5328663405106993, 1.531898285661425, 1.5289804959783748, 1.5258286473702412, 1.521947672780679, 1.5232134491813427, 1.5200706379754203, 1.5209294673131437, 1.517794675972997, 1.520569079384512], "acc": [0.2992, 0.3169, 0.3577, 0.3758, 0.3767, 0.401, 0.3982, 0.405, 0.4167, 0.4123, 0.4161, 0.4206, 0.4332, 0.4365, 0.4235, 0.4393, 0.4352, 0.4444, 0.4414, 0.4489, 0.4433, 0.4431, 0.4491, 0.4495, 0.4523, 0.4506, 0.4528, 0.4518, 0.4508, 0.4521]}, "pfn": {"loss": [2.100951168610125, 1.8738437003018904, 1.7725147325165418, 1.7149420198129148, 1.6778397943292345, 1.6452829509365314, 1.6308999183226605, 1.6086474401610238, 1.5880193807640854, 1.5799013497878094, 1.5658001407068602, 1.5531591888593168, 1.5453576846998565, 1.5400081964171664, 1.528498687306229, 1.5207930845873696, 1.5134296070556252, 1.5076527333989436, 1.5032262546675546, 1.4936466417750534, 1.4898714952322902, 1.487078949504969, 1.4803016976434358, 1.4774071543800587, 1.4719927961729011, 1.4694723292272918, 1.4637364714729542, 1.4630681592590955, 1.4600883424282074, 1.4551692416473312], "acc": [0.2717, 0.3333, 0.3554, 0.3832, 0.3764, 0.406, 0.4062, 0.4103, 0.4236, 0.4287, 0.4263, 0.4344, 0.4331, 0.4446, 0.4365, 0.4524, 0.4456, 0.4501, 0.4583, 0.4562, 0.4613, 0.4618, 0.4621, 0.4646, 0.4652, 0.4651, 0.4712, 0.4691, 0.4701, 0.4685]}}