{"baseline": {"loss": [1.742506392756287], "acc": [0.4297]}, "pfn": {"loss": [2.2805439829826355], "acc": [0.2127]}}