{"baseline": {"loss": [4.401271287132712, 4.041580661788316], "acc": [0.0467, 0.0858]}, "pfn": {"loss": [4.438182675929935, 4.061153860653148], "acc": [0.034, 0.0923]}}