{"loss": [0.6771782239278158, 0.24270888417959213, 0.17199594229459764, 0.13105171819527944, 0.10491954237222671, 0.087898376211524, 0.07433152248462041, 0.06330030187964439, 0.055741056054830554, 0.05148453079164028, 0.04684721206625302, 0.04366123744597038, 0.041771348317464194, 0.04053826667368412, 0.040081206088264786], "acc": [0.918, 0.944, 0.9569, 0.9628, 0.9656, 0.9707, 0.9731, 0.9755, 0.9762, 0.9766, 0.9771, 0.9774, 0.9777, 0.9773, 0.9775]}