{"loss": [0.6832210451364518, 0.25282864769299823, 0.17931144535541535, 0.13789650350809096, 0.1082221602400144, 0.08644474769632021, 0.07152681027849515, 0.05962401342888673, 0.04978055581450462, 0.04299372049669425, 0.03646045811474323, 0.03213321218887965, 0.027333678118884562, 0.02147324246664842, 0.017557702492922544], "acc": [0.9099, 0.939, 0.9536, 0.9623, 0.9686, 0.9722, 0.9724, 0.9752, 0.9766, 0.9788, 0.979, 0.9775, 0.9786, 0.9806, 0.9804]}