{"acc": 0.5102, "loss": [2.1282844786741295, 1.9299225125994002, 1.8275324945547142, 1.762461123417835, 1.7169596346057192, 1.6803502355303084, 1.6488336020586443, 1.6248100813554258, 1.6043150765555245, 1.5851768972922344, 1.5635181361315202, 1.5460961327260854, 1.5352320902201595, 1.5198444724082947, 1.5117781271739883, 1.4962915729503243, 1.485373662442577, 1.4789800777727244, 1.4694829522346964, 1.4589491827147347, 1.4545081853866577, 1.4419428329078519, 1.438632879938398, 1.4332083573146743, 1.4255016166336683, 1.4206092746890322, 1.417248241755427, 1.413502733318173, 1.406668699517542, 1.4025430946933979, 1.4013904527742036, 1.39478868732647, 1.394846649802461, 1.3894718471838503, 1.3872636374162168, 1.3850428583670635, 1.3842174349998941, 1.3809091460948089, 1.3790529431128988, 1.3802412346917756, 1.3760919583087066, 1.3753155457730195, 1.373285019884304, 1.3728975677976802, 1.3725199383132312, 1.374012264670158, 1.3709095667819589, 1.3699755668640137, 1.3720318358771655, 1.3708869559424264], "acc_hist": [0.2815, 0.3433, 0.3575, 0.3857, 0.3985, 0.4121, 0.423, 0.4264, 0.4272, 0.4399, 0.4479, 0.4365, 0.4557, 0.4583, 0.4718, 0.4685, 0.4706, 0.477, 0.4735, 0.4837, 0.486, 0.4881, 0.491, 0.4858, 0.4979, 0.4965, 0.496, 0.4989, 0.5027, 0.4983, 0.5019, 0.5077, 0.5034, 0.5058, 0.5053, 0.5062, 0.5081, 0.509, 0.5102, 0.5079, 0.5082, 0.5098, 0.5099, 0.5101, 0.5106, 0.511, 0.5101, 0.5107, 0.51, 0.5102], "timestamp": "2026-01-02T05:56:52.631174"}