{"acc": 0.2616, "loss": [4.354757700429853, 4.084961541168525, 3.95307744738391, 3.841058674980612, 3.752828794367173, 3.6769712873736915, 3.6131841868085934, 3.5585577579410486, 3.508828033266775, 3.467107416113929, 3.423341373043597, 3.389712169042329, 3.3586418055512413, 3.324725155940141, 3.2977217469373934, 3.2715575652354207, 3.2470705850654857, 3.223515728855377, 3.1984308912321127, 3.1792401133290946, 3.158534336577901, 3.1376601533816597, 3.1227226732941844, 3.104244273032069, 3.088685291197599, 3.0768255534989146, 3.0665965708320404, 3.050914803429333, 3.042432242342273, 3.0271129376443144, 3.019895167606871, 3.012335820576114, 3.0044617963873823, 2.9982933168825894, 2.992506026002147, 2.984498013011025, 2.979527972238448, 2.9742879038271695, 2.9680448358930893, 2.967277939667177, 2.9629774868030987, 2.95648910261481, 2.9572984660068133, 2.9536085269030403, 2.951687030475158, 2.949209969976674, 2.949112224456904, 2.949419794180204, 2.95094837313113, 2.9501102976786817], "acc_hist": [0.0686, 0.096, 0.1112, 0.1274, 0.1336, 0.1498, 0.1564, 0.1629, 0.1777, 0.1817, 0.1942, 0.193, 0.1975, 0.2014, 0.2146, 0.2106, 0.2129, 0.2156, 0.2227, 0.2287, 0.2329, 0.2388, 0.2388, 0.2373, 0.2352, 0.2445, 0.2435, 0.2432, 0.2447, 0.2475, 0.2488, 0.2497, 0.2481, 0.2551, 0.2526, 0.2615, 0.2601, 0.2612, 0.259, 0.2595, 0.2617, 0.259, 0.2625, 0.2588, 0.2617, 0.2615, 0.2619, 0.2609, 0.2618, 0.2616], "timestamp": "2026-01-01T23:39:35.418647"}