{"acc": 0.5486, "loss": [2.0637278514248982, 1.8378489844653072, 1.7404639799984134, 1.684389872818577, 1.6500808900716353, 1.61055811388152, 1.584657306573829, 1.552835396357945, 1.534241025545159, 1.5106656295912606, 1.4953465023819281, 1.483529201575688, 1.4633273196463683, 1.4531727871116327, 1.4379567315383834, 1.4242427543717988, 1.4171557469027383, 1.4039087131315349, 1.3919956489485137, 1.3825140923869854, 1.3788905782358987, 1.3682929970780198, 1.3596984737989855, 1.3525926209225947, 1.3489879290668332, 1.3426194762697026, 1.3336659189389677, 1.3316698883261, 1.3229681885972315, 1.3193645100204312, 1.3136215574887333, 1.3105749122950496, 1.3085107663456275, 1.3064201863444582, 1.3040553763204692, 1.2983176732549861, 1.2966139955180032, 1.294906782252448, 1.2900968832629067, 1.2893352806568146, 1.2908150845644426, 1.2873682866291123, 1.2887605410449359, 1.2866172668885212, 1.285576190875501, 1.283808239868709, 1.2824915696163566, 1.282054888350623, 1.2838419694073346, 1.2828567940361646], "acc_hist": [0.3271, 0.3539, 0.3892, 0.4105, 0.4196, 0.4288, 0.4423, 0.4545, 0.4573, 0.4672, 0.4711, 0.4859, 0.4874, 0.4874, 0.5, 0.5002, 0.4996, 0.5027, 0.5137, 0.5155, 0.519, 0.5206, 0.5218, 0.5095, 0.5286, 0.5213, 0.5339, 0.5309, 0.5342, 0.5355, 0.5381, 0.5361, 0.5449, 0.541, 0.5473, 0.5426, 0.5469, 0.5431, 0.5474, 0.5444, 0.5448, 0.5453, 0.5477, 0.5481, 0.5482, 0.5489, 0.5488, 0.5489, 0.548, 0.5486], "timestamp": "2026-01-02T04:36:10.862284"}