{"acc": 0.1008, "loss": [4.312384207230394, 4.049229666400139], "acc_hist": [0.0778, 0.1008], "timestamp": "2026-01-08T14:51:32.057914"}