{"acc": 0.8307, "loss": [1.4305552749530128, 1.1340492159661735, 1.0107801321827237, 0.9267973800373199, 0.8582913200263782, 0.8092198354737533, 0.7610937736528304, 0.7233183737606039, 0.6905141863447931, 0.6631115071304009, 0.6364390791758247, 0.6094669231292232, 0.5886849255665488, 0.5691438080252283, 0.5496952181200847, 0.5343768959078947, 0.5185432402640963, 0.5016427655011186, 0.4902680038529284, 0.4744897318618072, 0.46305244562723447, 0.4534140157196528, 0.44199053676384487, 0.43901919066677314, 0.4340319338509494, 0.4246290057440243, 0.42043593636406656, 0.41715307508969246, 0.4128615777091602, 0.4120148882231749], "acc_hist": [0.5465, 0.605, 0.6473, 0.6729, 0.7125, 0.6991, 0.699, 0.7215, 0.7121, 0.7411, 0.7251, 0.7453, 0.7726, 0.7805, 0.7837, 0.7963, 0.7974, 0.8115, 0.8056, 0.8118, 0.8165, 0.8171, 0.8234, 0.8282, 0.8264, 0.8251, 0.8281, 0.8279, 0.8306, 0.8307], "timestamp": "2026-01-01T12:18:35.542692"}