{"acc": 0.5948, "loss": [2.001808722915552, 1.7702452923025926, 1.6757779316524106, 1.6162461338140774, 1.5679723082296073, 1.5346115821462762, 1.5008210492560932, 1.4731813157001115, 1.446049015235413, 1.4203253838107408, 1.403142474496456, 1.3879179408788072, 1.3662539741877096, 1.346258794865035, 1.3326149806951928, 1.315267673843657, 1.3061035798333795, 1.2945552475921942, 1.2813681248203872, 1.2726263195047598, 1.261241649422804, 1.2509853131021076, 1.2440899427589553, 1.2356753913337921, 1.2301186446643546, 1.2186828052906125, 1.2120737880087264, 1.207028526479326, 1.2021368237407617, 1.1928109770540691, 1.1893510614209772, 1.1845855682402315, 1.1824565011522044, 1.1789178762899335, 1.17495664611192, 1.1686785335431014, 1.1667975992193003, 1.1645799911845371, 1.1615498399795474, 1.1587511185185073, 1.1582551267750734, 1.1554133808216476, 1.1556182003691984, 1.1542468935327457, 1.1534120740792941, 1.153047392740274, 1.1506993404739654, 1.1528354462455301, 1.1528954286404582, 1.1514215108073886], "acc_hist": [0.3489, 0.3784, 0.4184, 0.4224, 0.4614, 0.4641, 0.4775, 0.4893, 0.4999, 0.5035, 0.5004, 0.5128, 0.5296, 0.5314, 0.5355, 0.5487, 0.5394, 0.5529, 0.5617, 0.5457, 0.5515, 0.5685, 0.5674, 0.5576, 0.5693, 0.5693, 0.5804, 0.5759, 0.5794, 0.5719, 0.5776, 0.5561, 0.5803, 0.5918, 0.5804, 0.587, 0.5823, 0.5943, 0.5961, 0.5954, 0.5888, 0.5895, 0.5972, 0.5947, 0.5936, 0.5941, 0.5955, 0.5949, 0.5944, 0.5948], "timestamp": "2026-01-02T03:13:44.509737"}