{"acc": 0.0858, "loss": [4.401271287132712, 4.041580661788316], "acc_hist": [0.0467, 0.0858], "timestamp": "2026-01-08T14:53:25.859307"}