{"acc": 0.7859, "loss": [2.0538629384673373, 1.8287287603835671, 1.6995135357185287, 1.5870931914874487, 1.4872461843247315, 1.415469182389123, 1.3470431669634215, 1.2804192249872246, 1.2091598449921122, 1.1625290881006085, 1.0979519881764237, 1.0611107696075828, 1.0148466673432563, 0.9832353561508412, 0.9493240081534093, 0.9140479488640415, 0.8764837429839738, 0.8568885688270841, 0.8392775368933775, 0.8077027438854685, 0.7815459470967857, 0.7696605090584073, 0.7440479075422093, 0.7182652208269859, 0.7045386990114134, 0.690570489788542, 0.6723131011335217, 0.6607048499340914, 0.6375989736038812, 0.6217934200350119, 0.6149348735201116, 0.5987508236145487, 0.588831291515, 0.5740025759655603, 0.5649835576816481, 0.5592102447942812, 0.5525405469293497, 0.5423806092264701, 0.5276954067604882, 0.5303695899795513, 0.5133872800031487, 0.5144328452190574, 0.5085412093571254, 0.5039743761322937, 0.4989299308888766, 0.49856213343386746, 0.497031747078409, 0.4929788029011415, 0.4957260045470024, 0.4911002867988178], "acc_hist": [0.2321, 0.3188, 0.4098, 0.4474, 0.4629, 0.4991, 0.5418, 0.5521, 0.5877, 0.6022, 0.6025, 0.6331, 0.6438, 0.6559, 0.6748, 0.6661, 0.6846, 0.6884, 0.6969, 0.6989, 0.6958, 0.7187, 0.7245, 0.7301, 0.7114, 0.7445, 0.7494, 0.7425, 0.7556, 0.754, 0.7629, 0.7597, 0.7632, 0.7622, 0.7666, 0.7686, 0.767, 0.7751, 0.776, 0.7768, 0.7796, 0.7807, 0.7812, 0.7836, 0.7846, 0.7855, 0.7869, 0.7846, 0.7846, 0.7859], "timestamp": "2026-01-02T05:22:42.417462"}