{"acc": 0.8364, "loss": [2.065298721765923, 1.7335444158300415, 1.5033846810040876, 1.3513223682065754, 1.2185067739480597, 1.1323937037411858, 1.0680258901375335, 1.0179559284311426, 0.9690492429849132, 0.9275158569788384, 0.887296999583159, 0.8511110562878801, 0.8113949886139702, 0.7733393329793535, 0.7481526026640402, 0.7137116834025858, 0.6813799638653655, 0.6517945297081452, 0.6288913283354182, 0.5994271034627314, 0.5767993064563902, 0.5590566507614482, 0.5402868488598662, 0.5207704638733583, 0.502031481784323, 0.4856897296807955, 0.4707388157963448, 0.45829158276319504, 0.44453643428166506, 0.4237842371168039, 0.4132644476564339, 0.3992108518586439, 0.38854549771836955, 0.3719967441714328, 0.36571448754585917, 0.352985733324457, 0.34474705420720303, 0.3341398783542616, 0.3275875459946787, 0.31728640530267943, 0.313987686453611, 0.30420749824103493, 0.3007236925880318, 0.2990916305414551, 0.29567432082484446, 0.288123338176009, 0.28636829730342417, 0.28880058685341453, 0.28330473447471016, 0.2813362110110805], "acc_hist": [0.2926, 0.4083, 0.4626, 0.5381, 0.5706, 0.6226, 0.6268, 0.6236, 0.6509, 0.6396, 0.6812, 0.6989, 0.7002, 0.7295, 0.7206, 0.7498, 0.7526, 0.7612, 0.7779, 0.7734, 0.7856, 0.7866, 0.7948, 0.7978, 0.8061, 0.8048, 0.8056, 0.8157, 0.8142, 0.8182, 0.8257, 0.823, 0.8267, 0.824, 0.8303, 0.8296, 0.8275, 0.8267, 0.83, 0.8324, 0.8345, 0.8325, 0.8361, 0.8343, 0.8346, 0.8361, 0.8366, 0.8351, 0.8359, 0.8364], "timestamp": "2026-01-02T02:35:24.201903"}