{"acc": 0.4603, "loss": [4.6065371133843245, 4.606074192086044, 4.450438134524287, 4.269510609763009, 4.062095486387914, 3.9173943412547207, 3.7953374288520036, 3.7002773844465917, 3.597591061981357, 3.5201136068421968, 3.4413265111495037, 3.37570168777388, 3.3048883798171063, 3.248122120390133, 3.1859192239994907, 3.1254162885704817, 3.081186739765868, 3.0235282498963025, 2.988426133077972, 2.9491769634947484, 2.8982807616798247, 2.8569431207617937, 2.8225987541432285, 2.778701833316258, 2.7333336703631343, 2.7034720985256895, 2.6550568488179422, 2.6307122974979635, 2.5865515105578365, 2.5594020765654895, 2.515154986965413, 2.487140470621537, 2.455725370621195, 2.4239104232009576, 2.4128423661601786, 2.370740703174046, 2.3530431961526674, 2.317154906233963, 2.290246236081026, 2.269799130303519, 2.2390905180755927, 2.2250830324328676, 2.1884637560163225, 2.1750456338026085, 2.162140870580868, 2.1522438477496713, 2.1180402149959487, 2.1008470265232786, 2.086498759230789, 2.0643241089217517, 2.052777599315254, 2.0461095608010584, 2.0258646753369547, 2.004824238164084, 1.9931031015454506, 1.978782552845624, 1.964754240853446, 1.9543023900109895, 1.9390528165564245, 1.932460134126702, 1.9210724903612721, 1.903583756514958, 1.897907176796271, 1.891467469079154, 1.866432936824098, 1.8696448304215256, 1.8545192273295656, 1.850185093831043, 1.8379441353739525, 1.8343824841538254, 1.828589916229248, 1.8192114708374958, 1.8107373604969101, 1.7971251984031833, 1.7920771983205055, 1.7858599047271573, 1.7854565163047946, 1.778128838052555, 1.767557060231968, 1.7705105336344973, 1.7631463992352387, 1.750093743509176, 1.7545105583813725, 1.7448894174731508, 1.7453010520156549, 1.7433159764932127, 1.7430412027300621, 1.7357856838070616, 1.7373232634700075, 1.7287180034481748, 1.7325802262948484, 1.7288110986047862, 1.7193483698124787, 1.721064964119269, 1.7203315082861452, 1.7205376004686161, 1.7213343394045928, 1.720762247941932, 1.7239172628947668, 1.7174339197119888], "acc_hist": [0.01, 0.0095, 0.0209, 0.0452, 0.073, 0.0921, 0.1189, 0.1333, 0.1585, 0.169, 0.1839, 0.1989, 0.2073, 0.2181, 0.2337, 0.243, 0.244, 0.2551, 0.2625, 0.2681, 0.2711, 0.2854, 0.2936, 0.2938, 0.3069, 0.3135, 0.3091, 0.3183, 0.3245, 0.3372, 0.3468, 0.3415, 0.3541, 0.3587, 0.3658, 0.3634, 0.3678, 0.3759, 0.377, 0.3797, 0.3844, 0.3934, 0.3909, 0.3976, 0.3959, 0.4041, 0.4046, 0.4034, 0.4066, 0.4174, 0.4101, 0.4145, 0.4126, 0.4281, 0.4307, 0.4296, 0.4327, 0.4283, 0.4317, 0.4309, 0.4384, 0.4433, 0.4396, 0.4446, 0.4444, 0.444, 0.4433, 0.442, 0.4493, 0.4505, 0.45, 0.4476, 0.4516, 0.4527, 0.4526, 0.4548, 0.4555, 0.4562, 0.4575, 0.4587, 0.4568, 0.4583, 0.46, 0.4587, 0.4556, 0.4574, 0.4583, 0.4585, 0.458, 0.4606, 0.4584, 0.4596, 0.4583, 0.4613, 0.4602, 0.4608, 0.4603, 0.4604, 0.4603, 0.4603], "timestamp": "2026-01-02T14:35:23.235702"}