{"acc": 0.1657, "loss": [4.125146378641543, 3.7804817025313904], "acc_hist": [0.1294, 0.1657], "timestamp": "2026-01-07T03:07:40.379596"}