{"acc": 0.7098, "loss": [1.741774180713965, 1.459322775505027, 1.3429998360118087, 1.2712962493604543, 1.21217766008815, 1.1745133028954875, 1.1387316146675421, 1.1094933252553552, 1.086635595681716, 1.0640447033303124, 1.0456412087897866, 1.0271846752385705, 1.0061115795860485, 0.9882613268433785, 0.9792847298845953, 0.9652625586913557, 0.9545012365798561, 0.9382671443175297, 0.9309337899392965, 0.9166094770236891, 0.9133444370663896, 0.9026121773890087, 0.8937245522226606, 0.8877642008723045, 0.8794620383758934, 0.8728645681118479, 0.8603189493320427, 0.8581369330688399, 0.8525434917941386, 0.847235592348235, 0.8413487681928946, 0.8390210955118647, 0.8327712900176341, 0.828110549522906, 0.8255807152208017, 0.8217363682936649, 0.8185375180779672, 0.81484704236595, 0.8141154382301836, 0.8133568785020283, 0.8095065075524, 0.8088840626332224, 0.8072533659180816, 0.8052684543084125, 0.8031504166369535, 0.803370473944411, 0.8017908465497348, 0.8009790477095818, 0.8015615380540186, 0.8036900308667397], "acc_hist": [0.4285, 0.4942, 0.511, 0.5592, 0.5624, 0.5868, 0.5661, 0.5824, 0.5957, 0.6234, 0.6332, 0.6394, 0.6451, 0.6448, 0.6455, 0.6382, 0.6341, 0.6574, 0.6635, 0.6642, 0.6629, 0.6831, 0.6756, 0.6792, 0.6762, 0.678, 0.6913, 0.6836, 0.6871, 0.6859, 0.6954, 0.6996, 0.6956, 0.6994, 0.7009, 0.7019, 0.7022, 0.7004, 0.7061, 0.706, 0.7095, 0.7078, 0.7109, 0.7092, 0.7089, 0.7084, 0.7106, 0.7098, 0.7106, 0.7098], "timestamp": "2026-01-08T20:29:37.929055"}