{"acc": 0.55, "loss": [1.9962105144320241, 1.7638091007461938, 1.675754466630004, 1.616575602680216, 1.5721363512146505, 1.5349725091548831, 1.4988477242267346, 1.469949138438915, 1.4436034869659893, 1.4189269981725747, 1.4010657931837585, 1.3825496755292654, 1.3652714067103002, 1.3556589988796302, 1.342309131646705, 1.3325735034845065, 1.3228341780050332, 1.3105245517647786, 1.3007234679463575, 1.2973410037472426, 1.2904867427733244, 1.2852349250822726, 1.2807443306574127, 1.2779045867188203, 1.276722126299768, 1.2741021558146952, 1.269429824846175, 1.2692669681880786, 1.2669587787764762, 1.2677699601863657], "acc_hist": [0.3575, 0.387, 0.4046, 0.4363, 0.4518, 0.462, 0.4705, 0.4903, 0.5015, 0.502, 0.51, 0.5099, 0.5167, 0.5295, 0.5135, 0.5329, 0.5349, 0.5348, 0.5381, 0.5405, 0.5501, 0.5462, 0.5535, 0.5512, 0.5499, 0.5459, 0.5512, 0.5497, 0.5504, 0.55], "timestamp": "2026-01-01T14:20:16.240326"}