{"acc": 0.2511, "loss": [4.5049372108615175, 4.242217735368378, 4.130295461537886, 4.056923296986794, 3.9929723034099656, 3.9353214696962007, 3.8753241276254458, 3.8251817469694176, 3.7799565281186784, 3.741448110463668, 3.7004372489695645, 3.6680222968665923, 3.6345280262888693, 3.60342437150527, 3.577799047742571, 3.554359348452821, 3.5292502447050444, 3.504005974652816, 3.4885446952313792, 3.472289793345393, 3.4520568263774014, 3.43466211825001, 3.4180847576686313, 3.4020469456302878, 3.3862448711784516, 3.376609670872591, 3.365502201780981, 3.352693876441644, 3.3349628278187344, 3.326009830650018, 3.317664465125726, 3.3094801854114144, 3.297593301656295, 3.2856444339362945, 3.27787256484129, 3.2667919056756154, 3.25429029367408, 3.245698325488032, 3.2392784357070923, 3.2299219321231454, 3.222120937036008, 3.215050514863462, 3.2046590191977367, 3.197509164712867, 3.1910084048096015, 3.186176042167508, 3.175923773220607, 3.170500636100769, 3.16460395832451, 3.157746825899397, 3.1480772154671803, 3.1455574911467883, 3.13710939154333, 3.1371080778083025, 3.128109170466053, 3.122723715645926, 3.1152692133066604, 3.113573047579551, 3.111538439380879, 3.105258357768156, 3.1018738406045094, 3.098769630704607, 3.0914986571487115, 3.0878813169440447, 3.088733651200119, 3.0845978235711855, 3.078576559923133, 3.0790599414280484, 3.0722587157268912, 3.072042839867728, 3.068565913609096, 3.06724750995636, 3.0627875182093405, 3.0599247144193065, 3.0640418164584102, 3.05771233354296, 3.056180484440862, 3.057715080222305, 3.053455004886705, 3.054112351670557, 3.051627139655911, 3.048913452090049, 3.0498799158602345, 3.048087261161026, 3.0416736456812643, 3.042935001606844, 3.0433399312350216, 3.0470943231971894, 3.0439404103220724, 3.0447540161560993, 3.042778640377278, 3.0418016545626583, 3.0391679272359733, 3.0437372606627795, 3.042020230877156, 3.0380862124112187, 3.039531617748494, 3.041403651237488, 3.0391203067740618, 3.0422238987319323], "acc_hist": [0.0376, 0.0681, 0.082, 0.0889, 0.101, 0.1124, 0.1105, 0.1181, 0.1275, 0.1284, 0.1452, 0.1458, 0.1516, 0.1579, 0.1712, 0.1645, 0.1711, 0.1735, 0.181, 0.1881, 0.1852, 0.1959, 0.1959, 0.2, 0.1955, 0.2015, 0.2014, 0.2078, 0.203, 0.2069, 0.2145, 0.2114, 0.2147, 0.2163, 0.2189, 0.218, 0.2266, 0.2199, 0.2232, 0.2228, 0.2208, 0.229, 0.2301, 0.232, 0.2297, 0.2319, 0.2317, 0.2339, 0.2334, 0.2356, 0.2359, 0.2336, 0.2401, 0.242, 0.2387, 0.2421, 0.2409, 0.2426, 0.2417, 0.2449, 0.2435, 0.2458, 0.2463, 0.2442, 0.2465, 0.2453, 0.2477, 0.2449, 0.247, 0.2458, 0.2463, 0.2489, 0.2493, 0.251, 0.251, 0.2502, 0.2478, 0.2484, 0.2522, 0.2486, 0.2495, 0.2499, 0.2496, 0.2507, 0.25, 0.2485, 0.25, 0.2506, 0.2508, 0.2515, 0.2515, 0.2503, 0.2502, 0.2508, 0.2508, 0.2509, 0.2511, 0.251, 0.2511, 0.2511], "timestamp": "2026-01-02T13:01:15.330861"}