{"acc": 0.5252, "loss": [1.9414536706017107, 1.7478884638422896, 1.6783128874686064, 1.628933719814281, 1.5899003988031841, 1.556975683745216, 1.5342171934559523, 1.509292478604085, 1.4885658638556596, 1.4689925226104228, 1.4489978170760758, 1.436181889470581, 1.4255064510933273, 1.4101592085855392, 1.3985096403704884, 1.3872863046653436, 1.3783328586527148, 1.370923013790794, 1.367232374522997, 1.357108635213369, 1.354608622048517, 1.3469003605110872, 1.343544817946451, 1.337275022435981, 1.338095546683387, 1.3326472028746934, 1.3336696514997946, 1.3325704768338167, 1.3329169874453484, 1.3308929559367393], "acc_hist": [0.345, 0.3695, 0.4048, 0.4222, 0.4321, 0.446, 0.4549, 0.4684, 0.474, 0.4831, 0.4818, 0.4888, 0.492, 0.4989, 0.5045, 0.5011, 0.5093, 0.514, 0.5125, 0.5102, 0.5133, 0.5156, 0.5247, 0.5221, 0.5228, 0.5223, 0.5246, 0.5253, 0.5254, 0.5252], "timestamp": "2026-01-01T18:05:22.425889"}