{"acc": 0.4353, "loss": [2.04934862934415, 1.9101833711804637, 1.8445225164408574, 1.805513173417972, 1.7704418312253245, 1.7482925699190106, 1.722865394923998, 1.7052084975840185, 1.686238414796112, 1.6718000344303259, 1.657000676445339, 1.6472031908571874, 1.6370314256004665, 1.6238033491022446, 1.6125038590882441, 1.6053014182678573, 1.5981299340572503, 1.5910443018769365, 1.5851522766415724, 1.58071487791398, 1.5773563067931349, 1.5741110079733611, 1.5711951237505355, 1.565292930664004, 1.5652696122903653, 1.5644614202592073, 1.5623089727538322, 1.5592437659383125, 1.561553752635751, 1.5651291810033265], "acc_hist": [0.2775, 0.3081, 0.3341, 0.3312, 0.3448, 0.3618, 0.3764, 0.379, 0.3957, 0.3927, 0.3957, 0.4038, 0.4206, 0.419, 0.4203, 0.417, 0.4295, 0.4296, 0.4274, 0.4317, 0.4319, 0.4363, 0.4328, 0.4288, 0.4309, 0.4369, 0.4341, 0.4354, 0.4357, 0.4353], "timestamp": "2026-01-01T22:11:31.416399"}