{"acc": 0.507, "loss": [4.473139001890217, 4.092449108353051, 3.863530048019136, 3.65671212532941, 3.501664129364521, 3.360203338096209, 3.242911539419228, 3.12658847323464, 3.015893542858036, 2.9079413840837796, 2.7985985199813648, 2.718448074882293, 2.626924789775058, 2.5405781580054243, 2.4624174757076958, 2.4054213868992407, 2.332268074345406, 2.273229461496748, 2.2223180212328195, 2.1641602522271977, 2.1134956312911286, 2.064520373063929, 2.0158909327538725, 1.9838679547200118, 1.9336311061059117, 1.9013482033444182, 1.8618231075803946, 1.828321318187372, 1.7960089893292284, 1.7692894328890554, 1.744235680536236, 1.7128149953949483, 1.680157698938609, 1.6557266218278108, 1.6329077070631335, 1.6109418631209742, 1.594389398689465, 1.58207892975234, 1.56023654669447, 1.5505060777639794, 1.5393218329495482, 1.5247459969557156, 1.5181641160984478, 1.5077144678901224, 1.5012393805681896, 1.4902711954263166, 1.4831230914806162, 1.4926340162296734, 1.4826992277599051, 1.4795893851448507], "acc_hist": [0.0304, 0.0728, 0.1166, 0.1443, 0.1834, 0.1952, 0.2213, 0.2477, 0.2657, 0.2864, 0.295, 0.313, 0.331, 0.34, 0.361, 0.351, 0.3842, 0.3868, 0.3988, 0.4049, 0.4135, 0.4264, 0.4302, 0.422, 0.4338, 0.4477, 0.4579, 0.4568, 0.4622, 0.4746, 0.4744, 0.4749, 0.4777, 0.486, 0.4889, 0.4914, 0.4945, 0.4908, 0.4979, 0.5026, 0.498, 0.4997, 0.5027, 0.5045, 0.5034, 0.5068, 0.5061, 0.5064, 0.5074, 0.507], "timestamp": "2026-01-02T00:25:30.189317"}