{"acc": 0.2366, "loss": [4.517536143867337, 4.319358747832629, 4.251618487494333, 4.182503865689648, 4.1197148877747205, 4.061545094665216, 4.013147013528006, 3.9707987381487477, 3.930780763528785, 3.8963339718020693, 3.8590747799192155, 3.830651981489999, 3.801911295676718, 3.7740892220516593, 3.745069788426769, 3.7195888392779293, 3.7008109554952506, 3.6791393683881175, 3.656477694608727, 3.638262556523693, 3.6162368278114165, 3.599932867653516, 3.5856893038263125, 3.5697208983557567, 3.5575476617229227, 3.539862172944205, 3.5291814706763445, 3.5157351104580625, 3.5008958918707713, 3.491939970425197, 3.4797453758667927, 3.4663390869996986, 3.455729550244857, 3.446639068272649, 3.436148597269642, 3.4283015655011546, 3.416280362070823, 3.4086922017895445, 3.4058440972347648, 3.396296372219008, 3.382417097383616, 3.3783844271484686, 3.370356880888647, 3.3639899467935366, 3.3591232737716363, 3.3518943300052566, 3.3472637935560576, 3.336131774649328, 3.3341531558912627, 3.330029857401945, 3.317572510972315, 3.318041587362484, 3.311775796267451, 3.306156832344678, 3.3056801898138866, 3.2982057868217933, 3.2934971926163654, 3.291043894631522, 3.2816574378889434, 3.2834168623904794, 3.278286958227352, 3.2718316924815274, 3.2694110140508537, 3.269454678710626, 3.2655334983553206, 3.261291820175794, 3.259366675299041, 3.2552491694080588, 3.2518196568197135, 3.2516169207436696, 3.2461472311798407, 3.240928080617165, 3.243971355107366, 3.239958568495147, 3.241555483973756, 3.23749840259552, 3.2326429839036903, 3.233924868155499, 3.2353819487046223, 3.230309002253474, 3.2279757236947817, 3.226776728824693, 3.222452307234005, 3.2211966149661007, 3.2250454425811768, 3.222914238365329, 3.222675829517598, 3.2225011708785076, 3.2218874303662046, 3.2208243900415847, 3.2191024069883385, 3.2218940501310387, 3.2208501222182293, 3.2168653108635725, 3.2174730422545452, 3.221056123169101, 3.2164559145363008, 3.2190264390439403, 3.220812352336183, 3.2169532240653527], "acc_hist": [0.0286, 0.0387, 0.0511, 0.0632, 0.0698, 0.0793, 0.085, 0.0882, 0.0927, 0.1066, 0.1094, 0.1115, 0.1173, 0.1241, 0.1274, 0.1319, 0.1351, 0.1393, 0.1415, 0.1503, 0.1492, 0.1558, 0.1607, 0.1605, 0.1689, 0.1669, 0.1682, 0.1684, 0.175, 0.1801, 0.1823, 0.1806, 0.1858, 0.1854, 0.1841, 0.1947, 0.1934, 0.1899, 0.1987, 0.1947, 0.2002, 0.2014, 0.2015, 0.2114, 0.1995, 0.211, 0.2064, 0.2071, 0.2144, 0.2099, 0.2121, 0.2165, 0.2167, 0.2132, 0.2151, 0.2145, 0.2225, 0.2165, 0.2224, 0.2228, 0.2302, 0.2254, 0.221, 0.2236, 0.226, 0.2235, 0.2293, 0.2302, 0.2287, 0.2311, 0.2292, 0.2335, 0.2311, 0.2327, 0.2301, 0.2313, 0.2351, 0.2339, 0.232, 0.2365, 0.2351, 0.2353, 0.2328, 0.2346, 0.2363, 0.235, 0.2348, 0.2362, 0.237, 0.2366, 0.2369, 0.2371, 0.237, 0.2369, 0.2363, 0.2365, 0.2363, 0.2365, 0.2365, 0.2366], "timestamp": "2026-01-02T13:42:05.673251"}