{"acc": 0.7357, "loss": [2.0299759853859336, 1.8188057955430479, 1.6819472750838922, 1.560253844577439, 1.4856955250915216, 1.4148526854661045, 1.3346779656653502, 1.2583174328414761, 1.195159766747027, 1.147098325344981, 1.0885724033019981, 1.0308015665837698, 0.9954432620077717, 0.9574683928976253, 0.9134531820915184, 0.8833148184479499, 0.8552806578120407, 0.8297995237671599, 0.8068227941284374, 0.7879652031222169, 0.7671801417457814, 0.755903031753034, 0.7369660278972314, 0.724791736018901, 0.7133267293779217, 0.7073513637391888, 0.6950813845104101, 0.6928721353107569, 0.690846321230032, 0.6865959492873173], "acc_hist": [0.2804, 0.3505, 0.4118, 0.4267, 0.477, 0.5014, 0.5351, 0.5642, 0.5852, 0.5984, 0.6169, 0.6437, 0.6544, 0.6608, 0.6801, 0.6822, 0.7031, 0.7022, 0.6948, 0.6985, 0.7207, 0.7245, 0.7258, 0.7285, 0.7333, 0.7302, 0.7361, 0.7364, 0.7371, 0.7357], "timestamp": "2026-01-01T23:15:20.754679"}