{"acc": 0.5454, "loss": [4.449654225498209, 4.139139002241442, 3.9145867916019372, 3.7174502992264147, 3.543330404764551, 3.416840456940634, 3.3021507787582514, 3.184975919211307, 3.084731965418667, 2.970848984730518, 2.8699370515925806, 2.785288519261743, 2.6999222829823606, 2.6238053503548704, 2.557077554790565, 2.486295233297226, 2.4225704047990884, 2.36997549948485, 2.2980125962620805, 2.25209162271846, 2.199735793921039, 2.1516352602283058, 2.0917139766771164, 2.059938284747131, 2.0144081634023916, 1.965805143956333, 1.9282841767801349, 1.885667901209858, 1.855252426298683, 1.8238608599318873, 1.784923782434, 1.7570849336931467, 1.7237757090717325, 1.6971734402429721, 1.6619432475560767, 1.6384042205712985, 1.607591347011459, 1.5860865677104277, 1.5547417435804596, 1.5257381898972688, 1.5117759113116642, 1.4841805419043812, 1.4687955196556228, 1.4475294708290978, 1.4146094361839392, 1.396431885107094, 1.3793189681094626, 1.3606941983522967, 1.3342829967093894, 1.320521379523265, 1.2947048654641642, 1.2925516318177324, 1.2623708735951378, 1.2456036005788447, 1.231199998837298, 1.2115551336951877, 1.1941533767048964, 1.1804763819555493, 1.1656365274163463, 1.1475462735156574, 1.1326957973068024, 1.1119231006983297, 1.1138618445152517, 1.0988498840795453, 1.0834667242091636, 1.0705074431646207, 1.0544966721473752, 1.0411345429737549, 1.028952160454772, 1.026838995306693, 1.010848299926504, 0.9993935370689158, 0.9839166857092582, 0.9783815275067869, 0.9664798005462607, 0.9660251660420157, 0.9466734427930145, 0.9474647850026865, 0.9351805382982239, 0.9304213151907372, 0.9262763714546438, 0.9136518169851864, 0.9120501034400043, 0.9016706161486828, 0.8930745839767749, 0.890917659872938, 0.8841736720651007, 0.8769446000113816, 0.8796653576824062, 0.8757676976111234, 0.87585490316991, 0.8700995172381096, 0.8646990105014323, 0.8676725944594654, 0.8624133903657079, 0.8657722674367373, 0.8614538645805301, 0.8608891512731762, 0.8642564315320281, 0.8549147608030178], "acc_hist": [0.0285, 0.0637, 0.1064, 0.1448, 0.1616, 0.1857, 0.2142, 0.2254, 0.2526, 0.2675, 0.2908, 0.3003, 0.3163, 0.3341, 0.3391, 0.3507, 0.3634, 0.3797, 0.3808, 0.3844, 0.4028, 0.4123, 0.4225, 0.4228, 0.4261, 0.4401, 0.4512, 0.4511, 0.4566, 0.4592, 0.4563, 0.4599, 0.4779, 0.4759, 0.4711, 0.483, 0.4951, 0.4933, 0.4894, 0.4976, 0.5035, 0.5065, 0.5057, 0.5083, 0.5099, 0.5129, 0.5184, 0.51, 0.5176, 0.5181, 0.5236, 0.5244, 0.5275, 0.5239, 0.5225, 0.5291, 0.5305, 0.5236, 0.5309, 0.5344, 0.5275, 0.5328, 0.5327, 0.5309, 0.532, 0.5376, 0.5396, 0.5357, 0.5404, 0.5352, 0.5391, 0.5393, 0.5392, 0.5403, 0.5423, 0.5418, 0.5386, 0.5421, 0.5445, 0.5427, 0.5428, 0.5429, 0.5436, 0.5437, 0.5438, 0.544, 0.544, 0.5427, 0.5449, 0.5434, 0.5442, 0.5453, 0.5446, 0.5439, 0.5444, 0.5434, 0.5437, 0.5447, 0.5455, 0.5454], "timestamp": "2026-01-02T09:02:59.587826"}