{"acc": 0.5154, "loss": [2.0384481883109986, 1.8389690086969634, 1.7639934385524076, 1.7196442922362891, 1.6861877173109128, 1.654811329244043, 1.6306147453425182, 1.6055051030405343, 1.5868842476774054, 1.571998872720372, 1.554451017123659, 1.5401948699560921, 1.5252140114069594, 1.5147344962410305, 1.5068786845487707, 1.49755729281384, 1.4843230945679842, 1.4723746047910218, 1.468636080432121, 1.4604402939072045, 1.4500753153925356, 1.4469516634026451, 1.4360635396464707, 1.430778840313787, 1.4217604907882182, 1.4186206174933391, 1.4123569473891002, 1.4091444936249873, 1.4016220316557628, 1.3992483756121468, 1.3962685165502835, 1.3931079642547062, 1.3873196550647315, 1.3858589488831932, 1.3835439813106567, 1.3799497017165279, 1.3793519778019936, 1.3740594201075755, 1.373939252265579, 1.3713241330802899, 1.3692439797589235, 1.3677400560940014, 1.3707992314072825, 1.366176291195023, 1.3669351683858106, 1.3662385925307603, 1.3644754953701477, 1.3650252312955344, 1.3627128335825927, 1.3654105184633103], "acc_hist": [0.3208, 0.3545, 0.3731, 0.379, 0.4005, 0.4009, 0.4133, 0.4172, 0.4251, 0.4393, 0.4395, 0.45, 0.4524, 0.4548, 0.4585, 0.4617, 0.4727, 0.4756, 0.4816, 0.475, 0.477, 0.4757, 0.4883, 0.4932, 0.4907, 0.4934, 0.5005, 0.5022, 0.4995, 0.5035, 0.5068, 0.508, 0.5031, 0.5058, 0.508, 0.5106, 0.5114, 0.5147, 0.5134, 0.5122, 0.5144, 0.5135, 0.5122, 0.5137, 0.5135, 0.514, 0.515, 0.515, 0.5152, 0.5154], "timestamp": "2026-01-02T03:34:34.296898"}