{"acc": 0.1, "loss": [2.302958454317449, 2.302779706847637, 2.3027302535903424, 2.3027223254103797, 2.3027024430692045, 2.3027263312693447, 2.302705325129087, 2.3026993485058056, 2.3026866583568055, 2.3026705955910254, 2.3026751212756653, 2.302665516543571, 2.302650956851442, 2.3026539809868463, 2.302655160579535, 2.3026483083320093, 2.302638357252721, 2.3026376737048255, 2.302623795121527, 2.3026204792130023, 2.302614691312356, 2.302611372050117, 2.302603738996989, 2.302600831631809, 2.3025977175558925, 2.3025936903551107, 2.302590498838888, 2.3025886506375755, 2.302586463406263, 2.3025854615604175], "acc_hist": [0.1, 0.1, 0.1, 0.1, 0.1, 0.1, 0.1, 0.1, 0.1, 0.1, 0.1, 0.1, 0.1, 0.1, 0.1, 0.1, 0.1, 0.1, 0.1, 0.1, 0.1, 0.1, 0.1, 0.1, 0.1, 0.1, 0.1, 0.1, 0.1, 0.1], "timestamp": "2026-01-01T21:41:51.025001"}