{"acc": 0.546, "loss": [4.469453400495101, 4.190292674667981, 3.9702335255486623, 3.763134485604812, 3.596957790608309, 3.4448692932420846, 3.310832622099896, 3.1736001980548, 3.0792602543928185, 2.9723824615381202, 2.8745206789094575, 2.7761793793464196, 2.6973892426004213, 2.6075488547889556, 2.5376412673872344, 2.4628553645951405, 2.403467852242139, 2.343546193473193, 2.2798580648947735, 2.226889987989348, 2.1824681144587847, 2.131762299002433, 2.0753418012541167, 2.039222295795168, 1.9945005719759026, 1.9521546126628408, 1.9096167142293892, 1.868583773471871, 1.8237889859141136, 1.7910172337171983, 1.7599555126258306, 1.7289689870513216, 1.6991114129825515, 1.6675368480536403, 1.641079186176767, 1.606036354084404, 1.5853117442860896, 1.552394033694754, 1.530456314889752, 1.4992262666322747, 1.4802749333332996, 1.4623625035188637, 1.4374713107031218, 1.4194732490850954, 1.3826475775971705, 1.3683021920067924, 1.3390215057499555, 1.3320744603264087, 1.3098669240669327, 1.2921023180290145, 1.2706577370361405, 1.256333561880248, 1.228303729879613, 1.210207656329992, 1.206370476557284, 1.1887425825912126, 1.1693126033155286, 1.1623619496822357, 1.1362287298757203, 1.1251992698834867, 1.108094785590561, 1.0987366462240413, 1.0825415569908765, 1.0699309658031075, 1.0561659552004872, 1.044129739306411, 1.0314885207584925, 1.0245773643255234, 1.006518534555727, 1.0082378360081692, 0.9909457804597154, 0.9758955419671779, 0.9674534651697898, 0.9526175144983797, 0.9547698719769108, 0.9414236986515473, 0.930756250206305, 0.9267841875553131, 0.9145522303118998, 0.9089677087506469, 0.9006790661690186, 0.90060877070135, 0.8895680691514697, 0.8857275116808561, 0.8819654468370943, 0.8738263118631986, 0.8685315154036697, 0.8695552689688546, 0.8644026390143803, 0.8609051211756102, 0.8560619953335548, 0.8583182327601374, 0.8533589721334224, 0.8536299832013189, 0.8451359527451652, 0.84423072666538, 0.8435521107547137, 0.8408373840609376, 0.8454557800171326, 0.8444666236030812], "acc_hist": [0.0312, 0.0671, 0.1017, 0.1333, 0.166, 0.193, 0.2231, 0.2345, 0.2634, 0.275, 0.2915, 0.3133, 0.3315, 0.3313, 0.3526, 0.3554, 0.3722, 0.3786, 0.3855, 0.4004, 0.4015, 0.4107, 0.4141, 0.4257, 0.4359, 0.4451, 0.4438, 0.4608, 0.4628, 0.4601, 0.4716, 0.4729, 0.4803, 0.4841, 0.4838, 0.4933, 0.4931, 0.4991, 0.4869, 0.497, 0.5061, 0.4957, 0.5176, 0.5058, 0.5119, 0.522, 0.5114, 0.5137, 0.5082, 0.5237, 0.5185, 0.5245, 0.528, 0.5223, 0.5309, 0.5275, 0.5238, 0.5277, 0.5338, 0.5339, 0.534, 0.5357, 0.5326, 0.5357, 0.538, 0.538, 0.5339, 0.5352, 0.5423, 0.5362, 0.5386, 0.5355, 0.5393, 0.5398, 0.5379, 0.5379, 0.5398, 0.5448, 0.5433, 0.539, 0.5417, 0.5435, 0.5435, 0.542, 0.5441, 0.544, 0.5444, 0.5443, 0.5414, 0.543, 0.5446, 0.5458, 0.5452, 0.5463, 0.5464, 0.5449, 0.546, 0.5457, 0.5457, 0.546], "timestamp": "2026-01-02T11:49:30.329550"}