{"acc": 0.3423, "loss": [4.360208403423924, 4.072234592779213, 3.92065921585883, 3.8133924385470808, 3.731578664096725, 3.663875648127797, 3.603251834049859, 3.5481224486894924, 3.500567159994179, 3.4590593677042696, 3.4196792356193524, 3.383814165964151, 3.3534876001460474, 3.325546455505254, 3.297400703820426, 3.2654917673076813, 3.2389667314641617, 3.2127603271123393, 3.1898480315342583, 3.1684670131224806, 3.139574367371971, 3.120561291189755, 3.0960359634340877, 3.0720059316786354, 3.0547011483965627, 3.033130116474903, 3.0161580923573137, 2.999205640514793, 2.977207579576146, 2.9610772949960227, 2.9479364824417, 2.9356807833132534, 2.915792440209547, 2.9020099139884303, 2.8876087543604623, 2.8759059521853163, 2.8594453505542883, 2.8492531831307177, 2.8366638321400908, 2.8242976817938374, 2.8110919334089663, 2.79768544328792, 2.796000341015399, 2.7790524544923203, 2.776149135721309, 2.764278810652321, 2.7581530489275217, 2.745362436679928, 2.7373612914853696, 2.732407475371495, 2.721741500108138, 2.714884116521577, 2.7049390519671426, 2.7007911089436174, 2.6939331186396998, 2.684095607694153, 2.6773328396975233, 2.671471278685743, 2.671673086902979, 2.6642659094632433, 2.660279991071852, 2.6514172121082122, 2.646844069976026, 2.6437579487900598, 2.6379445166234166, 2.6337237284921318, 2.6299958735170876, 2.6253101142775983, 2.621360051967299, 2.6192122792343957, 2.6153605789174814, 2.614345373704915, 2.608119207270005, 2.6046475534853726, 2.60442654677974, 2.6002429171901227, 2.5983753893381496, 2.597755686401406, 2.5940914605279715, 2.5939095130052103, 2.5879426087869706, 2.5891082445373925, 2.586970639045891, 2.5879322330055334, 2.581985508999251, 2.5803436696376947, 2.5824292431706968, 2.579287738141501, 2.575599766753214, 2.5788700178151243, 2.5799645792187937, 2.5742421918512917, 2.5778934626323182, 2.577880187412662, 2.576322851888359, 2.5758682590006563, 2.574359965141472, 2.574528761836879, 2.5771866174000304, 2.5757039831117594], "acc_hist": [0.0726, 0.0905, 0.1081, 0.1338, 0.1328, 0.1488, 0.1584, 0.1621, 0.1704, 0.1796, 0.1929, 0.1961, 0.2036, 0.2038, 0.2159, 0.2188, 0.2264, 0.2325, 0.2371, 0.2391, 0.2393, 0.2482, 0.2491, 0.2566, 0.2591, 0.262, 0.2664, 0.2634, 0.2745, 0.278, 0.2785, 0.2859, 0.2756, 0.2859, 0.2868, 0.2931, 0.2937, 0.296, 0.2975, 0.3024, 0.3009, 0.3082, 0.302, 0.3034, 0.3025, 0.3084, 0.3094, 0.3143, 0.3149, 0.3163, 0.3173, 0.3224, 0.3221, 0.3226, 0.3254, 0.3242, 0.3285, 0.3228, 0.3337, 0.323, 0.3343, 0.3273, 0.3308, 0.3362, 0.3275, 0.3367, 0.3315, 0.3351, 0.3375, 0.338, 0.3386, 0.3395, 0.336, 0.3386, 0.3423, 0.3364, 0.3402, 0.3402, 0.3422, 0.3367, 0.3401, 0.3399, 0.3399, 0.3428, 0.3435, 0.3415, 0.3438, 0.3418, 0.3416, 0.3433, 0.3427, 0.3411, 0.3438, 0.3424, 0.3427, 0.3424, 0.3422, 0.342, 0.3423, 0.3423], "timestamp": "2026-01-02T07:29:34.807232"}