{"acc": 0.6357, "loss": [1.9283467252236193, 1.700161738773746, 1.6065527307407936, 1.5442136292872222, 1.494926225193931, 1.4550165642252968, 1.4179557798158786, 1.3841671675367428, 1.3530278436058318, 1.3271278268693354, 1.3085314016360456, 1.2847264399156546, 1.2674422584988576, 1.2501529670889726, 1.2310385156013166, 1.2217942529627124, 1.2031315738892616, 1.1889329788934848, 1.1780935709586229, 1.16443165976678, 1.15129993539637, 1.1460627809052577, 1.1364748959651079, 1.122231218668506, 1.1157718835127017, 1.1051450925105064, 1.0992645217329644, 1.0932466483024685, 1.085048562349261, 1.0786694987198275, 1.0745137305668249, 1.066966963393609, 1.0622692639413087, 1.0595986663228105, 1.0550823543230285, 1.0537688382293866, 1.048856522039989, 1.0482974707165642, 1.0419084746057115, 1.0378615076432143, 1.0375869519570295, 1.0368440129110574, 1.034690319043596, 1.0352922078898497, 1.029695199045074, 1.0334484594709732, 1.028521085334251, 1.0278033555468635, 1.0288689568676912, 1.0287406074116603], "acc_hist": [0.3711, 0.4144, 0.4499, 0.4671, 0.4784, 0.4936, 0.5085, 0.52, 0.5283, 0.5422, 0.5528, 0.5469, 0.5615, 0.5684, 0.5656, 0.5741, 0.5882, 0.5846, 0.5825, 0.587, 0.5948, 0.6004, 0.5936, 0.6062, 0.5886, 0.6113, 0.6125, 0.6163, 0.6218, 0.6235, 0.6182, 0.6236, 0.6235, 0.6192, 0.6257, 0.6294, 0.6308, 0.6286, 0.6281, 0.6298, 0.6315, 0.6352, 0.6367, 0.6341, 0.6352, 0.6363, 0.6363, 0.6356, 0.6362, 0.6357], "timestamp": "2026-01-02T01:47:04.898660"}