{"acc": 0.2944, "loss": [4.424119258413509, 4.153605034156722, 4.03899824376009, 3.9401780001971187, 3.855750689701158, 3.789465682847159, 3.7305074078696117, 3.679717012814113, 3.6378641383988515, 3.5970069547088777, 3.5559744324002946, 3.5279422280739765, 3.4990225397810644, 3.4749845460969575, 3.4463266876279093, 3.4218232497877006, 3.398797439069164, 3.3803310722720865, 3.360683038526652, 3.34493031672069, 3.3274552542336133, 3.3061489122254506, 3.2916868316883945, 3.2768104441311894, 3.2581339587970657, 3.245201327362839, 3.2278824850004546, 3.2135191413821005, 3.197694302821646, 3.185271725362661, 3.1701124565941945, 3.1568313484289208, 3.14225725130159, 3.1319692889038397, 3.1195218185989226, 3.1088718857084, 3.0974661951162377, 3.0830651083771063, 3.071082349942655, 3.062315338728379, 3.0544334272949065, 3.0419318457039033, 3.0344048361389007, 3.029817058115589, 3.0152369482176646, 3.0057921446099574, 3.0002148455503037, 2.9930755946100973, 2.982227619813413, 2.9756928767476762, 2.9681531166543764, 2.9639410923938363, 2.9581460222905998, 2.949167852499047, 2.943156821387155, 2.937523512207732, 2.9330974525334885, 2.9268050473563525, 2.9229231561933244, 2.918171698949775, 2.9127998607499257, 2.9091764335729637, 2.901304198771107, 2.8946106920436936, 2.894527559377709, 2.889748282578527, 2.890437669899999, 2.8828056016746832, 2.878585091659001, 2.8771408224592405, 2.874265506559489, 2.8693243739556293, 2.867943438948417, 2.8663644766320986, 2.8640769793062795, 2.8574768256167977, 2.860269826285693, 2.8574571925766614, 2.8532981008899454, 2.8531099922802983, 2.8489301241174037, 2.8502776513294297, 2.845856041324382, 2.8466867184152407, 2.84723583167913, 2.8433108585221425, 2.8436375929384816, 2.8422311009192955, 2.8403856097435463, 2.841322524206979, 2.8408309805149936, 2.841087444704406, 2.8424318542285842, 2.8360419273376465, 2.837156432015555, 2.83765375370882, 2.8394874115379487, 2.837454000297858, 2.8379638961383273, 2.8408467088426863], "acc_hist": [0.0559, 0.0778, 0.0981, 0.1112, 0.1182, 0.1305, 0.1388, 0.1444, 0.1577, 0.1603, 0.1624, 0.1702, 0.1827, 0.1832, 0.1876, 0.192, 0.1972, 0.2059, 0.2008, 0.204, 0.2123, 0.2136, 0.2156, 0.2172, 0.2186, 0.2242, 0.2253, 0.2295, 0.236, 0.234, 0.2394, 0.2368, 0.2447, 0.2446, 0.2436, 0.2491, 0.2581, 0.2518, 0.2496, 0.2511, 0.2536, 0.2636, 0.2602, 0.2626, 0.2643, 0.2685, 0.2684, 0.2683, 0.2704, 0.2729, 0.2734, 0.2738, 0.2725, 0.2746, 0.2766, 0.2799, 0.2824, 0.2794, 0.278, 0.282, 0.2838, 0.283, 0.2827, 0.2851, 0.2892, 0.2895, 0.284, 0.2879, 0.288, 0.2857, 0.2882, 0.2904, 0.2878, 0.2904, 0.2907, 0.2914, 0.2889, 0.2943, 0.2921, 0.2925, 0.292, 0.2905, 0.2927, 0.2929, 0.2926, 0.2926, 0.2943, 0.294, 0.2942, 0.2946, 0.2931, 0.2948, 0.2941, 0.2953, 0.2943, 0.2943, 0.2942, 0.2943, 0.2944, 0.2944], "timestamp": "2026-01-02T10:16:59.272041"}