{"acc": 0.5641, "loss": [2.0445751870165068, 1.8170487959774173, 1.7196301386064412, 1.6581067011064412, 1.6173419228621893, 1.5810489423420964, 1.548069759899256, 1.524550054146319, 1.5045059493609838, 1.4778361782735707, 1.4561644445876687, 1.4429068899884516, 1.4297406095631269, 1.4127843008965861, 1.3979057152660526, 1.3849663521562303, 1.3750017674601809, 1.3614954194244073, 1.3508977640648276, 1.344155206972239, 1.3280189718518938, 1.3275319088478477, 1.3174012504061874, 1.3091423925088377, 1.3020468554934677, 1.2960247251452233, 1.2898955381646449, 1.2806480417446213, 1.2788606535415261, 1.272402426417993, 1.268637124981199, 1.2659147643313116, 1.2606190041619905, 1.2556815469751552, 1.2548167571729543, 1.249896309205464, 1.2485815566413256, 1.2479279825882035, 1.246792357186882, 1.2406266179620002, 1.240590469569576, 1.2412015789625597, 1.2387210319236832, 1.2372804953127492, 1.234789826432053, 1.2335192171894773, 1.2350633208240782, 1.2332221512891808, 1.2334146116461073, 1.2326212300329793], "acc_hist": [0.3301, 0.368, 0.409, 0.4286, 0.4394, 0.4394, 0.4574, 0.4645, 0.4666, 0.4626, 0.4838, 0.4774, 0.5059, 0.5001, 0.5017, 0.5091, 0.5076, 0.5122, 0.5215, 0.5298, 0.529, 0.528, 0.5345, 0.5409, 0.5337, 0.5427, 0.5523, 0.5511, 0.5445, 0.5533, 0.5571, 0.5451, 0.5516, 0.5624, 0.5595, 0.5539, 0.5571, 0.5564, 0.567, 0.5597, 0.5602, 0.559, 0.5645, 0.5661, 0.5652, 0.5606, 0.5654, 0.5639, 0.5636, 0.5641], "timestamp": "2026-01-08T20:59:02.992472"}