{"acc": 0.4297, "loss": [1.742506392756287], "acc_hist": [0.4297], "timestamp": "2026-01-08T14:45:57.097139"}