{"acc": 0.3359, "loss": [2.036008284408219], "acc_hist": [0.3359], "timestamp": "2026-01-08T14:46:32.499947"}