{"acc": 0.3277, "loss": [2.0256396927395643], "acc_hist": [0.3277], "timestamp": "2026-01-08T14:49:04.976936"}