{"acc": 0.2318, "loss": [4.458868810892715, 4.243338428799759, 4.12881546557102, 4.057701588286768, 4.004381036514516, 3.964574230906299, 3.926469375410348, 3.895117887755489, 3.865754918978952, 3.838221478645149, 3.816200789283304, 3.788519115399217, 3.7680386996939967, 3.744851338588978, 3.724593866206801, 3.7036235308098364, 3.6851093281260536, 3.667552776653748, 3.649138148788296, 3.6298821521232196, 3.6124017269105253, 3.5961426719070397, 3.581056738143687, 3.5682190610929525, 3.5552350249131925, 3.538807075041944, 3.526995017400483, 3.5129620150836836, 3.5035992369932285, 3.4924514202205725, 3.4783251602631395, 3.472397338398887, 3.463325718784576, 3.4532907222542923, 3.4462240955713765, 3.4342007612633276, 3.4254485731539517, 3.423492593838431, 3.41142132337136, 3.4062966611379246, 3.398306946620307, 3.3898559080060484, 3.3861466118746706, 3.375170400990245, 3.372549117983455, 3.365583867977952, 3.360222032917735, 3.3539143419631605, 3.3489575361656714, 3.34145859501246, 3.3389029502868652, 3.3348270230890846, 3.3289554125207768, 3.3223038908770626, 3.3224270008409116, 3.3152976810474835, 3.311807071461397, 3.3041588107643225, 3.301149424384622, 3.3006581101576082, 3.2946222419933893, 3.2891969723469767, 3.292258958377497, 3.2843279881245646, 3.2824916138368496, 3.2787967874570882, 3.2742511793170745, 3.269520021155667, 3.2666090626240996, 3.26828204823272, 3.268051213315686, 3.2644711120049363, 3.2625083057471858, 3.2600037204030223, 3.2590485759403394, 3.257615594912673, 3.2572223347471194, 3.2550547940042014, 3.2555050215757717, 3.2536732400469766, 3.2502842461666486, 3.2470025418664488, 3.2477063291213093, 3.2479006024577735, 3.245407784381486, 3.24294305213577, 3.2440860923903676, 3.2386828761576387, 3.2464120644132803, 3.2417394919773503, 3.2400616581177775, 3.239217666104017, 3.2415393203725595, 3.2376679886332558, 3.239577437300816, 3.2394868108012793, 3.2395161618966886, 3.236970846610301, 3.2408697373421904, 3.24030192672749], "acc_hist": [0.0401, 0.0517, 0.0693, 0.0748, 0.0813, 0.0882, 0.0982, 0.1016, 0.1045, 0.1096, 0.1193, 0.1223, 0.1282, 0.135, 0.1386, 0.142, 0.1475, 0.1504, 0.1472, 0.1531, 0.1527, 0.1605, 0.167, 0.1642, 0.1724, 0.1746, 0.1748, 0.176, 0.1817, 0.1774, 0.1861, 0.1874, 0.1873, 0.1883, 0.1931, 0.1922, 0.1945, 0.1949, 0.1985, 0.1991, 0.2001, 0.2022, 0.2012, 0.2082, 0.2033, 0.2074, 0.2059, 0.2105, 0.2125, 0.2096, 0.2121, 0.2181, 0.2169, 0.2138, 0.2195, 0.212, 0.2129, 0.2216, 0.2197, 0.2199, 0.2199, 0.2166, 0.2228, 0.222, 0.2229, 0.2233, 0.2221, 0.2248, 0.2235, 0.2265, 0.2242, 0.2258, 0.2251, 0.2272, 0.2254, 0.2273, 0.2273, 0.2315, 0.2314, 0.2279, 0.2297, 0.2307, 0.2293, 0.2319, 0.2302, 0.2311, 0.2318, 0.2306, 0.229, 0.2309, 0.2309, 0.2326, 0.2321, 0.2315, 0.2313, 0.2321, 0.2322, 0.2321, 0.2319, 0.2318], "timestamp": "2026-01-02T08:10:50.128831"}