{"acc": 0.5746, "loss": [1.9694233681539746, 1.748759196542413, 1.6672114091151207, 1.61855704339264, 1.5750417497456837, 1.5443565622924844, 1.5204087114699967, 1.4938986787710653, 1.4715479068134143, 1.4524586337911503, 1.435736247798061, 1.4230075908438933, 1.4083761417347451, 1.3902620316466408, 1.3807570324529468, 1.3658676950827888, 1.3553036695246197, 1.3439638337973134, 1.3316713016661232, 1.325105920319667, 1.3161520729284457, 1.3044700264320959, 1.2963142596242372, 1.2896086222985212, 1.2802489119417526, 1.2755021358389989, 1.2688223259223392, 1.2664746687845196, 1.2573094815396897, 1.252721445944608, 1.2449173925020505, 1.2427685388061396, 1.2403796815963657, 1.234066628815268, 1.2295084357871424, 1.2286031490853986, 1.226321251800908, 1.2209264947020488, 1.218890089513091, 1.216098609330404, 1.216622162810372, 1.2139049320269728, 1.2110265389732693, 1.2102170123163696, 1.2125501377350838, 1.2109009198215612, 1.210190889399375, 1.2077705854040277, 1.2108385230574157, 1.2066829658072928], "acc_hist": [0.3332, 0.3642, 0.4003, 0.4179, 0.4299, 0.4394, 0.4534, 0.4701, 0.459, 0.4753, 0.4924, 0.496, 0.4987, 0.4996, 0.515, 0.5054, 0.52, 0.527, 0.5217, 0.5235, 0.5337, 0.5394, 0.5435, 0.5454, 0.548, 0.5448, 0.5493, 0.5514, 0.5598, 0.5614, 0.5641, 0.5671, 0.5646, 0.5648, 0.5617, 0.5684, 0.571, 0.5657, 0.5655, 0.5722, 0.5703, 0.5725, 0.5701, 0.5713, 0.5732, 0.5739, 0.5742, 0.575, 0.5738, 0.5746], "timestamp": "2026-01-02T02:08:08.333032"}