{"acc": 0.4978, "loss": [2.09126524414335, 1.8903003833731826, 1.7821349562430868, 1.7175706047184613, 1.668826058811071, 1.641268669342508, 1.6150410376033004, 1.5922733885901315, 1.575040573976478, 1.559340467866586, 1.545039142881121, 1.5343231698688196, 1.5254010698016809, 1.510534403883681, 1.5125408622683312, 1.4974163119890251, 1.4886532085282462, 1.4801403934858284, 1.4758628466907813, 1.4677289669611016, 1.4621341039939804, 1.4638477338820088, 1.456096173549185, 1.4533379181307189, 1.4471623319752362, 1.4440237709454127, 1.441791787439463, 1.434611355163613, 1.4327703282541158, 1.426885467402789, 1.426250195624877, 1.4204584165495269, 1.4147882072293028, 1.418846610857516, 1.4151771384842542, 1.4151645114227218, 1.41209028144272, 1.4091110551843837, 1.4089022315278346, 1.407758283371828, 1.407785829840874, 1.4028245605984513, 1.4048225514742794, 1.4019361740472365, 1.4024646543726629, 1.4013279554795246, 1.4018260824437043, 1.4025166411789096, 1.4007976486974834, 1.400367125564692], "acc_hist": [0.2905, 0.3502, 0.3763, 0.3986, 0.4168, 0.4257, 0.4353, 0.4436, 0.448, 0.4326, 0.4516, 0.4502, 0.4647, 0.4628, 0.4647, 0.4693, 0.4678, 0.4746, 0.4759, 0.4807, 0.4798, 0.4785, 0.4836, 0.4822, 0.485, 0.4875, 0.4836, 0.4826, 0.4917, 0.4856, 0.4937, 0.4877, 0.4857, 0.4942, 0.4966, 0.4956, 0.4911, 0.488, 0.4983, 0.4957, 0.4942, 0.4971, 0.4952, 0.4968, 0.4966, 0.4971, 0.4974, 0.4978, 0.4978, 0.4978], "timestamp": "2026-01-02T04:56:47.833083"}