{"acc": 0.7498, "loss": [2.1585096546581815, 1.8731486773004338, 1.7216654906467515, 1.6301217736030111, 1.5417523359765812, 1.4808014521793442, 1.4225449197146358, 1.382736472450957, 1.33271140590006, 1.2682806143955307, 1.2258672337142789, 1.1695807831627982, 1.1340519566925205, 1.0876540991724755, 1.0502622632347807, 1.0245546059949058, 1.0000000675113834, 0.9685618263118121, 0.9309493406694762, 0.9268672502770716, 0.8915061032285496, 0.8723744762187101, 0.8571363742254219, 0.8381478993260131, 0.8254085298703642, 0.8072733483752426, 0.7895034442142564, 0.7845903768831369, 0.7682147755914804, 0.7605174834630928, 0.7393682051678093, 0.7272052047203998, 0.7176686713890154, 0.7061703880222476, 0.7025320456952465, 0.6976403679166522, 0.6894456361021314, 0.6734835152723351, 0.670893516467542, 0.6637390103875375, 0.6593320235914114, 0.6565367056398975, 0.6523715281973079, 0.6491367865581902, 0.6464496534697863, 0.642482864005225, 0.6421723742874301, 0.6395967329034999, 0.640756364987821, 0.6386879712951427], "acc_hist": [0.2806, 0.3348, 0.4122, 0.4114, 0.4576, 0.4684, 0.5126, 0.5242, 0.5339, 0.5611, 0.5764, 0.5951, 0.6065, 0.6334, 0.6333, 0.6468, 0.622, 0.6535, 0.6666, 0.6707, 0.6828, 0.6763, 0.696, 0.7066, 0.7004, 0.7119, 0.6999, 0.7119, 0.7148, 0.7221, 0.7261, 0.7344, 0.7274, 0.7331, 0.731, 0.7311, 0.7432, 0.7426, 0.7435, 0.744, 0.7417, 0.7483, 0.7483, 0.7465, 0.7483, 0.7501, 0.7502, 0.7493, 0.7493, 0.7498], "timestamp": "2026-01-02T06:44:25.878700"}