{"acc": 0.4521, "loss": [2.0902452931112174, 1.8809763856080113, 1.7998575270175934, 1.7456638697458773, 1.705660230042983, 1.6851643104942478, 1.6613094259281547, 1.6479156777566792, 1.6311745315181965, 1.6165070491177695, 1.6063899124155239, 1.590440729442908, 1.5824867559939015, 1.57473388192605, 1.5664993469812432, 1.5612299314567022, 1.5535578210743106, 1.5491656296107235, 1.5417488697840243, 1.5413469386344054, 1.5328663405106993, 1.531898285661425, 1.5289804959783748, 1.5258286473702412, 1.521947672780679, 1.5232134491813427, 1.5200706379754203, 1.5209294673131437, 1.517794675972997, 1.520569079384512], "acc_hist": [0.2992, 0.3169, 0.3577, 0.3758, 0.3767, 0.401, 0.3982, 0.405, 0.4167, 0.4123, 0.4161, 0.4206, 0.4332, 0.4365, 0.4235, 0.4393, 0.4352, 0.4444, 0.4414, 0.4489, 0.4433, 0.4431, 0.4491, 0.4495, 0.4523, 0.4506, 0.4528, 0.4518, 0.4508, 0.4521], "timestamp": "2026-01-01T23:00:03.706458"}