{"acc": 0.7889, "loss": [1.7674768682645292, 1.4707976999331493, 1.3434659193973153, 1.26592590614241, 1.2178575475605167, 1.1687542780929683, 1.1368523936490624, 1.1033990310162913, 1.0799533405474253, 1.0551512858697347, 1.0346160226938677, 1.015932698030861, 0.9989555961623484, 0.984132895664293, 0.9647724543298993, 0.9516882975490726, 0.9376935019176833, 0.9220759628378615, 0.9073697261664332, 0.9039033608777183, 0.8920204365740017, 0.881694878546559, 0.8705348357254145, 0.8585069733006614, 0.8511687803025149, 0.8424421384626505, 0.8329474445508451, 0.8292748398926794, 0.8195358329281515, 0.8129109545629851, 0.8055484337466103, 0.8000498122098495, 0.7961126021584686, 0.783421128988266, 0.7788172379440191, 0.773547468136768, 0.7670743006224535, 0.764564610561546, 0.7555142388660081, 0.7529486426893546, 0.7423639902654959, 0.7400303330956673, 0.7351513073152426, 0.7267685642047804, 0.7243134850750164, 0.7220905134264304, 0.7194675635926577, 0.7114627072397544, 0.7091549105790197, 0.7019110772074485, 0.7006427344619012, 0.6954540722832387, 0.6895914059512469, 0.6867132767730829, 0.6856048055449311, 0.6806568506420875, 0.6798953225418013, 0.6761102408778911, 0.6710851086037499, 0.6643956394828096, 0.6652866691655043, 0.6625441553033128, 0.6567767981667908, 0.6531153695315731, 0.654354917759798, 0.6474250284384708, 0.6440854619960396, 0.6470331841585587, 0.6397089386472896, 0.6368513767208371, 0.6357997109999463, 0.63329180497296, 0.6308143357841336, 0.6277291487370219, 0.627021032936719, 0.6256091248015968, 0.6201999021732078, 0.6194076644522803, 0.6171081405209036, 0.6118789193581562, 0.6121761132867969, 0.6098144428462399, 0.6050493210858229, 0.6070593075484646, 0.6064172999895349, 0.6056857572830453, 0.6009673305920192, 0.5964085409531787, 0.5953134870042607, 0.5949072795254844, 0.5948620896254267, 0.5895708974222748, 0.5904366152018917, 0.5895412587085549, 0.5882454096358649, 0.5854328256480548, 0.5829485046620272, 0.5815464994128869, 0.5809647807357262, 0.5801930325675984, 0.5773746155354441, 0.5780419822858305, 0.5710357754510276, 0.5766368862621638, 0.575949985609979, 0.5721320991917532, 0.5699039221722253, 0.5703632691685034, 0.5705415468130793, 0.5667159989172098, 0.5641256876441897, 0.5630326646627212, 0.5659857444009002, 0.5686984042427978, 0.5601514038078639, 0.5623149636144541, 0.5594174008892507, 0.5631138493820113, 0.5610184750082542, 0.5582598254692798, 0.5608052649364179, 0.5580802602427346, 0.5580672941037587, 0.5565168117077983, 0.5567379092075386, 0.5565569212242049, 0.5536539493774881, 0.5511077745836608, 0.5517951891738542, 0.5528721514405036, 0.5515510777429659, 0.5524400458956251, 0.5523626389248031, 0.551521046581317, 0.5528612425740884, 0.5543460628511955, 0.5464733060525389, 0.5505852007440158, 0.551421756190913, 0.5519677835459612, 0.5477027474921576, 0.551951320043632, 0.5519221983089739, 0.5519234265904037, 0.5508454370559478, 0.5488863382108358, 0.5488377665074504, 0.5498883337998877, 0.5488508258547101, 0.5486259503023965], "acc_hist": [0.4146, 0.4995, 0.5355, 0.5566, 0.5461, 0.5915, 0.598, 0.6025, 0.6209, 0.5727, 0.6232, 0.6415, 0.6317, 0.6471, 0.6488, 0.6672, 0.6588, 0.6639, 0.6793, 0.662, 0.6804, 0.6688, 0.6864, 0.6822, 0.6961, 0.6908, 0.6936, 0.6943, 0.7129, 0.7085, 0.6918, 0.6956, 0.7063, 0.684, 0.7115, 0.7106, 0.6968, 0.6997, 0.6989, 0.7093, 0.6987, 0.7136, 0.7142, 0.7264, 0.7242, 0.7365, 0.7258, 0.7208, 0.7215, 0.7323, 0.7354, 0.7193, 0.725, 0.73, 0.7335, 0.7233, 0.7477, 0.7374, 0.7323, 0.744, 0.7389, 0.7467, 0.7374, 0.7532, 0.7556, 0.7482, 0.7478, 0.7476, 0.7513, 0.7555, 0.7626, 0.7507, 0.754, 0.7554, 0.7596, 0.7644, 0.7485, 0.7534, 0.7589, 0.766, 0.7588, 0.7697, 0.7704, 0.7574, 0.765, 0.7765, 0.7609, 0.7652, 0.7719, 0.7684, 0.7677, 0.7757, 0.77, 0.7676, 0.7723, 0.7806, 0.7738, 0.781, 0.7763, 0.7742, 0.7772, 0.7839, 0.7762, 0.7696, 0.7822, 0.7734, 0.779, 0.7775, 0.7826, 0.782, 0.7797, 0.7848, 0.7821, 0.7843, 0.7863, 0.7861, 0.7839, 0.7849, 0.7847, 0.7865, 0.7805, 0.7846, 0.7878, 0.783, 0.7889, 0.7852, 0.7877, 0.7892, 0.7866, 0.788, 0.7902, 0.7889, 0.7889, 0.788, 0.7873, 0.7876, 0.7893, 0.7881, 0.7878, 0.7899, 0.7874, 0.7888, 0.7867, 0.7889, 0.7887, 0.7905, 0.7885, 0.7894, 0.7908, 0.7889], "timestamp": "2026-01-08T17:01:17.975483"}