{"acc": 0.2045, "loss": [4.469818748171677, 4.184677077071441, 4.0910737508398185, 4.02621619963585, 3.978535473499152, 3.928246232249853, 3.8866186080991154, 3.8499373572561746, 3.8155692276137563, 3.782073456917882, 3.7516390143148124, 3.728995192081422, 3.698872055848846, 3.6758840029196973, 3.657482164900016, 3.637961979717245, 3.617227632371361, 3.597979507787758, 3.587983952763745, 3.5719387025174583, 3.555440629534709, 3.545871700472234, 3.5330212122339115, 3.5190794772809117, 3.5100253768589185, 3.496019082301108, 3.4901740093670233, 3.482563813933936, 3.474482392411098, 3.4688738038777696, 3.464345094188095, 3.453189724241681, 3.4468093375720636, 3.4437728598904425, 3.4383866951593656, 3.4359581446098852, 3.4226865311107977, 3.4240082206628513, 3.4199083833133472, 3.4150213280602184, 3.414665558758904, 3.4137985931942834, 3.411534342314581, 3.4114248746496334, 3.406729821353922, 3.4018104295901326, 3.405186451304599, 3.401396691646722, 3.4065075109681815, 3.4045319947440302], "acc_hist": [0.0467, 0.0612, 0.0742, 0.0931, 0.0994, 0.1071, 0.1163, 0.1192, 0.1308, 0.1371, 0.1404, 0.1446, 0.1495, 0.1558, 0.1564, 0.1603, 0.1649, 0.1707, 0.1662, 0.1715, 0.1761, 0.1798, 0.1859, 0.1846, 0.1857, 0.1917, 0.1916, 0.1909, 0.1866, 0.1904, 0.1965, 0.1967, 0.1963, 0.1963, 0.1967, 0.1964, 0.2017, 0.2026, 0.2008, 0.2033, 0.2006, 0.2047, 0.2049, 0.2057, 0.2055, 0.2052, 0.2048, 0.2047, 0.2047, 0.2045], "timestamp": "2026-01-01T23:59:33.880631"}