{"acc": 0.8477, "loss": [1.9907023449383123, 1.7252614299964417, 1.5620369280085844, 1.4214301505661986, 1.2927365726827051, 1.1847716868685945, 1.0968907101989707, 1.0256318750283908, 0.9672359061972869, 0.9246488481836246, 0.8774397325942583, 0.8326641121483824, 0.789197867178856, 0.7524332815728834, 0.7224384902230919, 0.6824405957061006, 0.6507136566407236, 0.6221661145424904, 0.5951500684404007, 0.5696477550069999, 0.5466182658739407, 0.5269773915753035, 0.5095350854384625, 0.49375601520623696, 0.4762457656433515, 0.4605808783217769, 0.44375727815396343, 0.4275488507412279, 0.41397383858633163, 0.39991472417588736, 0.3910671727889029, 0.3776673700498498, 0.36946046116102077, 0.3570297945795767, 0.34723382208810744, 0.33771311245915836, 0.3285892835587187, 0.318888579831099, 0.31619548305983436, 0.3057169290759679, 0.2983902491953062, 0.2972915181342293, 0.2889070690364179, 0.28420977645060597, 0.2816175819205506, 0.27886851760737424, 0.2776255800634089, 0.2771982248977322, 0.27503411883435896, 0.27327107319898924], "acc_hist": [0.2565, 0.3985, 0.4435, 0.5026, 0.5497, 0.5992, 0.6361, 0.6283, 0.6743, 0.6821, 0.7087, 0.7074, 0.716, 0.7139, 0.7385, 0.7603, 0.7691, 0.7757, 0.7825, 0.7922, 0.7945, 0.8054, 0.7968, 0.8082, 0.8028, 0.8192, 0.8212, 0.8203, 0.8252, 0.8336, 0.8283, 0.8346, 0.8276, 0.8405, 0.8336, 0.8355, 0.842, 0.8441, 0.8457, 0.8433, 0.8453, 0.8447, 0.8478, 0.8461, 0.8463, 0.8484, 0.8478, 0.8469, 0.8476, 0.8477], "timestamp": "2026-01-02T04:00:55.488481"}