{"acc": 0.2817, "loss": [2.079402138384021], "acc_hist": [0.2817], "timestamp": "2026-01-08T14:47:31.624262"}