{"acc": 0.7734, "loss": [2.1483851512679664, 1.8212201647136523, 1.6342275206695127, 1.4827111358837703, 1.3772041550682634, 1.279162601894125, 1.190750319329674, 1.11371923285677, 1.05834432575099, 1.000442012649058, 0.9368142388056001, 0.8960524295906886, 0.855835792658579, 0.8199974763423891, 0.7909115132163552, 0.7574339844381718, 0.7277176544032133, 0.7044089283327313, 0.6871136026766599, 0.6629306856933457, 0.6482152101176474, 0.6317378738347221, 0.6185535001937691, 0.6020044942036309, 0.5962008087683821, 0.5828357780223612, 0.5776412047236167, 0.5727134237966269, 0.569602833379565, 0.5725341154943646], "acc_hist": [0.2782, 0.3463, 0.4294, 0.4651, 0.5256, 0.5637, 0.5873, 0.5784, 0.6412, 0.6509, 0.6736, 0.6926, 0.6969, 0.7148, 0.7222, 0.7266, 0.7349, 0.7479, 0.7538, 0.7562, 0.7578, 0.7611, 0.7667, 0.7679, 0.7719, 0.7741, 0.7734, 0.7711, 0.7725, 0.7734], "timestamp": "2026-01-01T22:27:06.818109"}