{"acc": 0.2594, "loss": [4.464787894365739, 4.225091454934101, 4.075865915843418, 3.9728742910891164, 3.893853627905554, 3.833765537154918, 3.7844884517241497, 3.746042527714554, 3.709540020446388, 3.681273341178894, 3.6584134637093055, 3.633138055704078, 3.6131768567221507, 3.5901982528822765, 3.569452552162871, 3.5541831327944386, 3.535772846669567, 3.521550109191817, 3.5032206542637883, 3.489898123303238, 3.4762684289289982, 3.4601439602521, 3.4499385539366276, 3.435530952044896, 3.4266889800830764, 3.407965216101432, 3.395324404142341, 3.3861115282895615, 3.3761896965455036, 3.3664871892150567, 3.3547944949597728, 3.340734113235863, 3.333895172391619, 3.321987150883188, 3.314798007206041, 3.3023955821990967, 3.293212282414339, 3.2757780843851516, 3.2755878981278865, 3.2698053620299516, 3.2552612022477754, 3.246939311222154, 3.2397982028065897, 3.231932309209084, 3.227248258736669, 3.2248914752687727, 3.217682501491235, 3.2082481554576328, 3.1982526937309577, 3.196108882524529, 3.187770291250579, 3.183531853617454, 3.177762897647157, 3.1715943241605955, 3.1697097505841936, 3.1590624135367724, 3.154695289475577, 3.1528426688544604, 3.144483174596514, 3.1418469000835807, 3.1379600580857723, 3.1359046989557693, 3.12781384648109, 3.124862007948817, 3.1215019518015334, 3.1172367297873205, 3.1163538767366994, 3.1123682491633358, 3.1084021050102857, 3.104147587503706, 3.1022068578369764, 3.099739898224266, 3.091604923715397, 3.095074566043153, 3.0927309406046963, 3.091799711694523, 3.088424794527949, 3.091297373479726, 3.0813252451468487, 3.0850234408767854, 3.0815167974452584, 3.0766944191893755, 3.0802583426845316, 3.080420014809589, 3.0717701644313578, 3.0716707657794564, 3.070289987690595, 3.0694978650735347, 3.0724231612925625, 3.072273475783212, 3.0692427255669417, 3.067706800236994, 3.072800591283915, 3.068345464005762, 3.0645521052029667, 3.063021327768053, 3.062958703965557, 3.0695816570398757, 3.0676987706398475, 3.068601217805123], "acc_hist": [0.0347, 0.0662, 0.0877, 0.1011, 0.1166, 0.1209, 0.132, 0.1373, 0.144, 0.1483, 0.1483, 0.1529, 0.1546, 0.1618, 0.1667, 0.1755, 0.1719, 0.1665, 0.1767, 0.1753, 0.1821, 0.183, 0.1885, 0.1886, 0.1942, 0.1965, 0.197, 0.2018, 0.1985, 0.2037, 0.2084, 0.2115, 0.2173, 0.2129, 0.2143, 0.2181, 0.2168, 0.2183, 0.2241, 0.2283, 0.2246, 0.2267, 0.2315, 0.2331, 0.2305, 0.2327, 0.2308, 0.2343, 0.238, 0.2349, 0.2391, 0.2366, 0.2407, 0.2424, 0.2408, 0.2482, 0.2436, 0.2434, 0.2476, 0.248, 0.2437, 0.2463, 0.2463, 0.2492, 0.2479, 0.2508, 0.2532, 0.2537, 0.2524, 0.2525, 0.2524, 0.253, 0.2559, 0.2569, 0.2565, 0.2536, 0.2573, 0.2577, 0.2593, 0.2573, 0.2574, 0.2569, 0.259, 0.2566, 0.2577, 0.2579, 0.2599, 0.2581, 0.258, 0.2601, 0.2592, 0.2599, 0.2595, 0.2597, 0.2592, 0.2596, 0.259, 0.2596, 0.2594, 0.2594], "timestamp": "2026-01-02T10:58:07.739997"}