{"acc": 0.9802, "loss": [0.9623112045725186, 0.24502203525652488, 0.17395407295959692, 0.1471630390615513, 0.1270591443647941, 0.1060136073016872, 0.11626271816932907, 0.08772314244966643, 0.07894904862918581, 0.07458193219094537, 0.061767826974896405, 0.05743670302034588, 0.0508795919585294, 0.046914301403802046, 0.03848685989135411, 0.03772122833119744, 0.028149743851555588, 0.024973476017476546, 0.020490264307164278, 0.02019317283630177, 0.014890565174740172, 0.010875173551015435, 0.009976786965567802, 0.007302233680731342, 0.006206445913830233, 0.005056865477197012, 0.004363021903615504, 0.0037836875583235623, 0.00346031155125343, 0.003261110313642746], "acc_hist": [0.9204, 0.9498, 0.9513, 0.8091, 0.9671, 0.966, 0.9633, 0.9667, 0.9719, 0.9725, 0.9724, 0.9699, 0.9726, 0.9757, 0.9723, 0.9775, 0.9773, 0.9787, 0.966, 0.9795, 0.98, 0.9798, 0.9807, 0.979, 0.9806, 0.9804, 0.9798, 0.9803, 0.9803, 0.9802], "timestamp": "2026-01-02T01:27:00.779678"}