{"acc": 0.9754, "loss": [0.8509999446233114, 0.3112951080560684, 0.2190871640940507, 0.17674740173369646, 0.14399298485840362, 0.1266467604863147, 0.10992841925037404, 0.09744564591149489, 0.0875290147524327, 0.07665747258299961, 0.06987145556962739, 0.06385642050448805, 0.0565786171970889, 0.051903901428263635, 0.04766874794270843, 0.0435515781693471, 0.03961494583701715, 0.03696278140284121, 0.033349551337212326, 0.03132573692070631, 0.028729420872878594, 0.02900908587265294, 0.026362209738678453, 0.024924046785599785, 0.022901924958545716, 0.022773502085654762, 0.02299227342835317, 0.021639136518984258, 0.022408625582787986, 0.021601589958645247], "acc_hist": [0.9018, 0.9386, 0.9501, 0.9582, 0.9595, 0.9664, 0.9677, 0.97, 0.9713, 0.9716, 0.9718, 0.9712, 0.9725, 0.9731, 0.9731, 0.9745, 0.9737, 0.9745, 0.9754, 0.9745, 0.9751, 0.9741, 0.9759, 0.9746, 0.9752, 0.9753, 0.9754, 0.9757, 0.9753, 0.9754], "timestamp": "2026-01-02T01:16:44.845263"}