{"acc": 0.9852, "loss": [0.39562536191642284, 0.17020587287098168, 0.11945475084508458, 0.09230548428321877, 0.07498720371586581, 0.06203312464039773, 0.05183483641293521, 0.04410935677324111, 0.03849427319842701, 0.032877959238520514, 0.0274926573547069, 0.0242979610403146, 0.020811747251978766, 0.01881309335003995, 0.016926680210465565, 0.014824800485791639, 0.012680387629122318, 0.01133417355834002, 0.009926541926451803, 0.008848355619814053, 0.00835566118642455, 0.007425748503302263, 0.006939024025513208, 0.006620639863370646, 0.005850995775174428, 0.006057165491450966, 0.005033872224847437, 0.005365818617662201, 0.004944147178161075, 0.005179149708832362], "acc_hist": [0.9464, 0.9629, 0.9722, 0.9752, 0.977, 0.9791, 0.9801, 0.9797, 0.982, 0.9818, 0.981, 0.9811, 0.9844, 0.9838, 0.985, 0.9834, 0.9837, 0.9833, 0.984, 0.984, 0.9847, 0.9839, 0.984, 0.9843, 0.9844, 0.9853, 0.9849, 0.9851, 0.9851, 0.9852], "timestamp": "2026-01-02T01:07:45.135191"}