{"acc": 0.9743, "loss": [0.8175710881951013, 0.28199455508990073, 0.21139217490580545, 0.16674459374535566, 0.1452986318260622, 0.12864169622185642, 0.17442941570332818, 0.09380565128767732, 0.08109859655152506, 0.07656792273719126, 0.06448494592336004, 0.06186889427036905, 0.05106636614420576, 0.04696760868737057, 0.045218841451009725, 0.034517132837736386, 0.028480700290288284, 0.02774795488736628, 0.023660522983419394, 0.020229326158914384, 0.015306167140969686, 0.012304909832550705, 0.011011126679091552, 0.009547634764798736, 0.008314747615365624, 0.007163404831719554, 0.00598582646731391, 0.005282027013790071, 0.004793138585813652, 0.004601533718024646], "acc_hist": [0.9056, 0.9245, 0.9489, 0.9551, 0.9518, 0.9562, 0.9628, 0.9579, 0.964, 0.9631, 0.9685, 0.9689, 0.9662, 0.9736, 0.9702, 0.9729, 0.9735, 0.9739, 0.9747, 0.9741, 0.9744, 0.9752, 0.9747, 0.974, 0.9738, 0.9753, 0.975, 0.9743, 0.9743, 0.9743], "timestamp": "2026-01-01T20:45:05.205882"}