{"acc": 0.9764, "loss": [0.9473515517517194, 0.38073169458300066, 0.2664033766549978, 0.21000317632675425, 0.17438609141117728, 0.15046686469626896, 0.13028622386671268, 0.11786929854273256, 0.10263839924136109, 0.0932390881843293, 0.08488383734904563, 0.07851944512415573, 0.0707837079566266, 0.06645357326221174, 0.060363799017091505, 0.05594419170943484, 0.051982395689257346, 0.050051444325782755, 0.045619238223602525, 0.043957206376168984, 0.04118700329336459, 0.03974002379917109, 0.03822532361537131, 0.03781286623368143, 0.03663304927106053, 0.03498905562800166, 0.03490152139043404, 0.03320462803524146, 0.034090036314404285, 0.033739291405035204], "acc_hist": [0.8876, 0.9269, 0.9445, 0.9503, 0.9569, 0.9624, 0.9658, 0.9699, 0.9679, 0.9692, 0.9733, 0.9732, 0.9726, 0.9737, 0.975, 0.9748, 0.975, 0.9748, 0.9761, 0.9752, 0.9757, 0.9758, 0.9759, 0.9759, 0.9761, 0.9764, 0.9762, 0.976, 0.9764, 0.9764], "timestamp": "2026-01-01T21:04:47.282184"}