{"acc": 0.9752, "loss": [1.4561751402263194, 0.5888840925973108, 0.35928955899754056, 0.2748735244753264, 0.22421913544760583, 0.19249223301342047, 0.1688490156362306, 0.1510324664890512, 0.13347734098654312, 0.1222023832867903, 0.11287073961405485, 0.10404318853863266, 0.09805779146757335, 0.08929357420740479, 0.08516743208871468, 0.08010513547545811, 0.07438126470107259, 0.07224320109758868, 0.06926190164853642, 0.06566280182173002, 0.06420805687501804, 0.0620662774850946, 0.058956277458422156, 0.058143762178591955, 0.05891446177281741, 0.05671010648847611, 0.056711326977774215, 0.05623213016688188, 0.05648016682399044, 0.05513493942299377], "acc_hist": [0.7836, 0.9033, 0.9287, 0.9397, 0.9487, 0.9555, 0.9603, 0.9639, 0.9668, 0.9678, 0.9687, 0.9702, 0.9713, 0.971, 0.9723, 0.9716, 0.9726, 0.973, 0.9737, 0.9736, 0.9738, 0.9738, 0.9751, 0.9746, 0.9747, 0.9752, 0.9745, 0.975, 0.9752, 0.9752], "timestamp": "2026-01-01T20:38:16.024258"}