{"acc": 0.9793, "loss": [1.0640842680896778, 0.2559172255771437, 0.16263787055920279, 0.1327652648703924, 0.11425645886284949, 0.09542432739468876, 0.09485932523265544, 0.06930463567603506, 0.06335278668041616, 0.0590421520471414, 0.049414108536873405, 0.04251087672233932, 0.03953411805521097, 0.032474066291353416, 0.028950282913096037, 0.02678169899627004, 0.020410216879084092, 0.016409010526940174, 0.013013038233968864, 0.010361524425431588, 0.009520416230433995, 0.005770294504868534, 0.004885924397381808, 0.00349885471546047, 0.0024433071697925576, 0.0021079926901139815, 0.0017991533706656526, 0.001233491206386048, 0.0010688926813282873, 0.001006453972092787], "acc_hist": [0.9057, 0.9422, 0.9585, 0.9532, 0.9663, 0.9671, 0.9676, 0.9703, 0.972, 0.9716, 0.9742, 0.9744, 0.9769, 0.9777, 0.9774, 0.9799, 0.9784, 0.9779, 0.9773, 0.9782, 0.9785, 0.9782, 0.9794, 0.9793, 0.9781, 0.9789, 0.9788, 0.9796, 0.9794, 0.9793], "timestamp": "2026-01-01T21:12:15.521837"}