{"acc": 0.9827, "loss": [0.4729652217329184, 0.20827199740291658, 0.15184851589678192, 0.11868503610236145, 0.09580269495327114, 0.08200332266725362, 0.06988423817040426, 0.05912379023166242, 0.0525594591997119, 0.04590701596684325, 0.04062925145275263, 0.03605950561695611, 0.033419052831583355, 0.029588005105433152, 0.025911006039313313, 0.023541240617997748, 0.021922113796098354, 0.018876091019858095, 0.01854720875123905, 0.016854999914745747, 0.01568142432711526, 0.015036897175156745, 0.014328018074694113, 0.013244782067546899, 0.012532357937317025, 0.012559557289126139, 0.011856259763372868, 0.011973494610994674, 0.011890268082196054, 0.011427213925111698], "acc_hist": [0.9376, 0.9536, 0.9636, 0.9685, 0.9742, 0.9755, 0.9783, 0.9772, 0.98, 0.9803, 0.9818, 0.9807, 0.9827, 0.9822, 0.9828, 0.9833, 0.9827, 0.984, 0.984, 0.9837, 0.9839, 0.9834, 0.9833, 0.9832, 0.9832, 0.9831, 0.9829, 0.9828, 0.9828, 0.9827], "timestamp": "2026-01-01T20:55:29.005619"}