{"baseline": {"loss": [2.1282844786741295, 1.9299225125994002, 1.8275324945547142, 1.762461123417835, 1.7169596346057192, 1.6803502355303084, 1.6488336020586443, 1.6248100813554258, 1.6043150765555245, 1.5851768972922344, 1.5635181361315202, 1.5460961327260854, 1.5352320902201595, 1.5198444724082947, 1.5117781271739883, 1.4962915729503243, 1.485373662442577, 1.4789800777727244, 1.4694829522346964, 1.4589491827147347, 1.4545081853866577, 1.4419428329078519, 1.438632879938398, 1.4332083573146743, 1.4255016166336683, 1.4206092746890322, 1.417248241755427, 1.413502733318173, 1.406668699517542, 1.4025430946933979, 1.4013904527742036, 1.39478868732647, 1.394846649802461, 1.3894718471838503, 1.3872636374162168, 1.3850428583670635, 1.3842174349998941, 1.3809091460948089, 1.3790529431128988, 1.3802412346917756, 1.3760919583087066, 1.3753155457730195, 1.373285019884304, 1.3728975677976802, 1.3725199383132312, 1.374012264670158, 1.3709095667819589, 1.3699755668640137, 1.3720318358771655, 1.3708869559424264], "acc": [0.2815, 0.3433, 0.3575, 0.3857, 0.3985, 0.4121, 0.423, 0.4264, 0.4272, 0.4399, 0.4479, 0.4365, 0.4557, 0.4583, 0.4718, 0.4685, 0.4706, 0.477, 0.4735, 0.4837, 0.486, 0.4881, 0.491, 0.4858, 0.4979, 0.4965, 0.496, 0.4989, 0.5027, 0.4983, 0.5019, 0.5077, 0.5034, 0.5058, 0.5053, 0.5062, 0.5081, 0.509, 0.5102, 0.5079, 0.5082, 0.5098, 0.5099, 0.5101, 0.5106, 0.511, 0.5101, 0.5107, 0.51, 0.5102]}, "pfn": {"loss": [2.3004522919654846, 2.2865198254585266, 2.2739177942276, 2.2621870636940002, 2.2467212677001953, 2.2321067452430725, 2.216787040233612, 2.1993722319602966, 2.185525596141815, 2.1684595346450806, 2.1558430790901184, 2.145996332168579, 2.1329715847969055, 2.1223782300949097, 2.11737984418869, 2.1068230271339417, 2.1024398803710938, 2.096739172935486, 2.094291865825653, 2.0886165499687195, 2.0801172256469727, 2.0767740607261658, 2.0741556882858276, 2.071808099746704, 2.072871744632721, 2.059217154979706, 2.0633925199508667, 2.059593439102173, 2.062606692314148, 2.053499400615692, 2.0511398315429688, 2.0514660477638245, 2.0549760460853577, 2.04498428106308, 2.049495816230774, 2.048232674598694, 2.0441333651542664, 2.047492027282715, 2.0465810894966125, 2.0441866517066956, 2.041955292224884, 2.040871500968933, 2.038119465112686, 2.039794147014618, 2.041542947292328, 2.0367173552513123, 2.0370863676071167, 2.0417625308036804, 2.036954402923584, 2.0406871140003204], "acc": [0.1067, 0.139, 0.1567, 0.1692, 0.1789, 0.1912, 0.1999, 0.2116, 0.2173, 0.2217, 0.2382, 0.2356, 0.2379, 0.2412, 0.2468, 0.252, 0.2522, 0.2493, 0.2548, 0.257, 0.2672, 0.2662, 0.2642, 0.2642, 0.265, 0.2697, 0.2789, 0.2736, 0.2743, 0.2766, 0.2755, 0.2797, 0.28, 0.2817, 0.2831, 0.283, 0.2831, 0.2842, 0.2828, 0.2843, 0.2842, 0.2843, 0.2831, 0.2838, 0.2837, 0.284, 0.2842, 0.2841, 0.284, 0.2838]}}