{"baseline": {"loss": [2.302958454317449, 2.302779706847637, 2.3027302535903424, 2.3027223254103797, 2.3027024430692045, 2.3027263312693447, 2.302705325129087, 2.3026993485058056, 2.3026866583568055, 2.3026705955910254, 2.3026751212756653, 2.302665516543571, 2.302650956851442, 2.3026539809868463, 2.302655160579535, 2.3026483083320093, 2.302638357252721, 2.3026376737048255, 2.302623795121527, 2.3026204792130023, 2.302614691312356, 2.302611372050117, 2.302603738996989, 2.302600831631809, 2.3025977175558925, 2.3025936903551107, 2.302590498838888, 2.3025886506375755, 2.302586463406263, 2.3025854615604175], "acc": [0.1, 0.1, 0.1, 0.1, 0.1, 0.1, 0.1, 0.1, 0.1, 0.1, 0.1, 0.1, 0.1, 0.1, 0.1, 0.1, 0.1, 0.1, 0.1, 0.1, 0.1, 0.1, 0.1, 0.1, 0.1, 0.1, 0.1, 0.1, 0.1, 0.1]}, "pfn": {"loss": [1.9398127923841062, 1.5963795043318474, 1.3862528628705408, 1.243959000729539, 1.136075633947197, 1.0555142406612406, 0.9899266638871654, 0.9207059516931129, 0.8636209640051703, 0.8068077334814974, 0.7667880681393396, 0.7163022798879067, 0.6820657341300375, 0.646580957771872, 0.6129185259723298, 0.5884411937897772, 0.560326402563878, 0.5380251833506863, 0.5121755274893988, 0.49819593160125, 0.4756098367330973, 0.45589930051580413, 0.4406356472150444, 0.4209542799826778, 0.40977152659917426, 0.38905680507345275, 0.3694897406755963, 0.34898282906702716, 0.3335248913110979, 0.3016469580266634], "acc": [0.3672, 0.4676, 0.5443, 0.5661, 0.6099, 0.6476, 0.6718, 0.6786, 0.6974, 0.715, 0.7235, 0.7271, 0.7564, 0.7653, 0.7824, 0.7852, 0.7945, 0.7985, 0.8071, 0.8054, 0.8193, 0.8056, 0.8155, 0.81, 0.8149, 0.8312, 0.8258, 0.8303, 0.8362, 0.8394]}}