{"loss": [0.6847678591807683, 0.2554261823495229, 0.18012359042962392, 0.13583574891090394, 0.10848353331287702, 0.08707676405707995, 0.07356384644905727, 0.06213190443813801, 0.05210929363965988, 0.04585797550777594, 0.04093668336669604, 0.03660678031543891, 0.03295165312786897, 0.030026515386998652, 0.027720117196440696, 0.026578980187575024, 0.02554688056310018, 0.024779140887161096, 0.024593756720423698, 0.02361082568143805], "acc": [0.9136, 0.9406, 0.9546, 0.9637, 0.9694, 0.9716, 0.9738, 0.9767, 0.9763, 0.9767, 0.9783, 0.9786, 0.9794, 0.9795, 0.9802, 0.9802, 0.9802, 0.9803, 0.9797, 0.9799]}