{"loss": [0.7200374007225037, 0.21682352523008983, 0.11903509522477786, 0.08102152918775876, 0.05907442718744278, 0.04477711493770282, 0.03715117045988639, 0.02668359037488699, 0.02063742099950711, 0.016253992822021245, 0.011043984551603596, 0.008664766093716025, 0.007513786961014072, 0.008887810570498308, 0.006289446361673375, 0.006298836056763927, 0.0037160455210444826, 0.002345503466979911, 0.0014564590528607368, 0.0008597204995263989], "acc": [0.9048, 0.9576, 0.9696, 0.9738, 0.9764, 0.9781, 0.9805, 0.98, 0.9809, 0.9809, 0.9819, 0.9821, 0.9813, 0.9793, 0.9825, 0.9795, 0.9816, 0.981, 0.9832, 0.9828]}