{"baseline": {"loss": [2.0384481883109986, 1.8389690086969634, 1.7639934385524076, 1.7196442922362891, 1.6861877173109128, 1.654811329244043, 1.6306147453425182, 1.6055051030405343, 1.5868842476774054, 1.571998872720372, 1.554451017123659, 1.5401948699560921, 1.5252140114069594, 1.5147344962410305, 1.5068786845487707, 1.49755729281384, 1.4843230945679842, 1.4723746047910218, 1.468636080432121, 1.4604402939072045, 1.4500753153925356, 1.4469516634026451, 1.4360635396464707, 1.430778840313787, 1.4217604907882182, 1.4186206174933391, 1.4123569473891002, 1.4091444936249873, 1.4016220316557628, 1.3992483756121468, 1.3962685165502835, 1.3931079642547062, 1.3873196550647315, 1.3858589488831932, 1.3835439813106567, 1.3799497017165279, 1.3793519778019936, 1.3740594201075755, 1.373939252265579, 1.3713241330802899, 1.3692439797589235, 1.3677400560940014, 1.3707992314072825, 1.366176291195023, 1.3669351683858106, 1.3662385925307603, 1.3644754953701477, 1.3650252312955344, 1.3627128335825927, 1.3654105184633103], "acc": [0.3208, 0.3545, 0.3731, 0.379, 0.4005, 0.4009, 0.4133, 0.4172, 0.4251, 0.4393, 0.4395, 0.45, 0.4524, 0.4548, 0.4585, 0.4617, 0.4727, 0.4756, 0.4816, 0.475, 0.477, 0.4757, 0.4883, 0.4932, 0.4907, 0.4934, 0.5005, 0.5022, 0.4995, 0.5035, 0.5068, 0.508, 0.5031, 0.5058, 0.508, 0.5106, 0.5114, 0.5147, 0.5134, 0.5122, 0.5144, 0.5135, 0.5122, 0.5137, 0.5135, 0.514, 0.515, 0.515, 0.5152, 0.5154]}, "pfn": {"loss": [2.073301552811547, 1.9011349242056728, 1.82189093130019, 1.7543992325473015, 1.6867962490262278, 1.6148268624644755, 1.5757577053421294, 1.5328641084149062, 1.5100682650685615, 1.4849287375159885, 1.4638998240156247, 1.4433666687182454, 1.4253401414817557, 1.405324329805496, 1.3924628422998102, 1.3777821039604714, 1.3653804572951762, 1.3541939023815457, 1.3411567384934486, 1.3234357446660776, 1.3139781259819674, 1.3137141405164128, 1.2987032707999735, 1.2894967187700979, 1.2828774403428178, 1.2687498218263202, 1.2625577748584016, 1.2593241122067738, 1.244165125405392, 1.2387365573812323, 1.2348355297237406, 1.2271251208946834, 1.2212530055924145, 1.2103521518999962, 1.2066413862321077, 1.2012103239593603, 1.1965799075563242, 1.1869728495092953, 1.1854083341405826, 1.1761435105672577, 1.1694247149445516, 1.165468249479523, 1.1621371123491955, 1.1520161364999268, 1.1494923775153392, 1.1455414190011866, 1.1376411773054802, 1.1350451831317618, 1.1323120478169082, 1.1199197109093142], "acc": [0.2642, 0.3031, 0.3329, 0.3565, 0.3974, 0.4202, 0.4341, 0.4546, 0.4542, 0.4635, 0.4714, 0.4798, 0.4924, 0.4943, 0.4993, 0.5069, 0.5115, 0.5154, 0.5185, 0.5251, 0.5309, 0.5241, 0.5301, 0.5464, 0.5495, 0.5504, 0.5538, 0.5427, 0.5438, 0.5471, 0.5522, 0.5659, 0.5686, 0.5713, 0.57, 0.5605, 0.5765, 0.5722, 0.5771, 0.5742, 0.5895, 0.5921, 0.592, 0.5947, 0.5986, 0.599, 0.5839, 0.6034, 0.5926, 0.598]}}