{"baseline": {"loss": [4.354757700429853, 4.084961541168525, 3.95307744738391, 3.841058674980612, 3.752828794367173, 3.6769712873736915, 3.6131841868085934, 3.5585577579410486, 3.508828033266775, 3.467107416113929, 3.423341373043597, 3.389712169042329, 3.3586418055512413, 3.324725155940141, 3.2977217469373934, 3.2715575652354207, 3.2470705850654857, 3.223515728855377, 3.1984308912321127, 3.1792401133290946, 3.158534336577901, 3.1376601533816597, 3.1227226732941844, 3.104244273032069, 3.088685291197599, 3.0768255534989146, 3.0665965708320404, 3.050914803429333, 3.042432242342273, 3.0271129376443144, 3.019895167606871, 3.012335820576114, 3.0044617963873823, 2.9982933168825894, 2.992506026002147, 2.984498013011025, 2.979527972238448, 2.9742879038271695, 2.9680448358930893, 2.967277939667177, 2.9629774868030987, 2.95648910261481, 2.9572984660068133, 2.9536085269030403, 2.951687030475158, 2.949209969976674, 2.949112224456904, 2.949419794180204, 2.95094837313113, 2.9501102976786817], "acc": [0.0686, 0.096, 0.1112, 0.1274, 0.1336, 0.1498, 0.1564, 0.1629, 0.1777, 0.1817, 0.1942, 0.193, 0.1975, 0.2014, 0.2146, 0.2106, 0.2129, 0.2156, 0.2227, 0.2287, 0.2329, 0.2388, 0.2388, 0.2373, 0.2352, 0.2445, 0.2435, 0.2432, 0.2447, 0.2475, 0.2488, 0.2497, 0.2481, 0.2551, 0.2526, 0.2615, 0.2601, 0.2612, 0.259, 0.2595, 0.2617, 0.259, 0.2625, 0.2588, 0.2617, 0.2615, 0.2619, 0.2609, 0.2618, 0.2616]}, "pfn": {"loss": [4.494314575195313, 4.304464200202455, 4.21793385262185, 4.1380561930068, 4.057399914112497, 3.988936795579626, 3.9338081035208194, 3.8802731199467435, 3.8399144446596187, 3.80539672323998, 3.766961663834592, 3.7408903000202587, 3.71004196227865, 3.6838235936266313, 3.660390602274144, 3.6398400347283544, 3.6145841162255468, 3.6073736657487587, 3.586241241211587, 3.550494622169657, 3.5177474123366337, 3.4832718707145527, 3.4617874003471214, 3.4227461703280184, 3.3933200308617124, 3.3715047491357684, 3.341673483747117, 3.3194239443921028, 3.2941217442776294, 3.2740144962960103, 3.254484651443806, 3.236878764375727, 3.215738756098646, 3.1979164174262515, 3.1787604129060787, 3.154997724167844, 3.148773499752613, 3.129781331407263, 3.1149147236600836, 3.1032860715338524, 3.0865959431262726, 3.0643359853866254, 3.0601451234614596, 3.041971288843358, 3.0324318845221336, 3.0184450504627636, 2.997853876682038, 2.9854881134439024, 2.96864520438174, 2.9360301159797833], "acc": [0.0448, 0.0702, 0.0853, 0.1021, 0.1107, 0.128, 0.122, 0.1431, 0.15, 0.1587, 0.1698, 0.1751, 0.1829, 0.176, 0.186, 0.1932, 0.2017, 0.2045, 0.2027, 0.2109, 0.2194, 0.2256, 0.2392, 0.2428, 0.2416, 0.2459, 0.2651, 0.2557, 0.2615, 0.2694, 0.2654, 0.281, 0.2713, 0.2759, 0.2861, 0.2826, 0.2894, 0.2873, 0.297, 0.2995, 0.2993, 0.2975, 0.3046, 0.302, 0.3057, 0.31, 0.3129, 0.3161, 0.3208, 0.3211]}}