{"loss": [2.307288408279419, 2.126319646835327, 1.9254380464553833, 1.6907072067260742, 1.4587661027908325, 1.2711530923843384, 1.1397093534469604, 1.0642130374908447, 1.0150753259658813, 0.9904326796531677, 0.9698752164840698, 0.9540662169456482, 0.9434337019920349, 0.9296861290931702, 0.91832035779953, 0.9088144302368164, 0.9058104753494263, 0.9001270532608032, 0.897472083568573, 0.8932217955589294], "acc": [0.672, 0.7229, 0.7345, 0.7578, 0.7903, 0.8077, 0.8208, 0.8316, 0.8392, 0.8489, 0.8548, 0.8582, 0.8612, 0.8657, 0.8671, 0.8682, 0.8688, 0.8687, 0.8691, 0.8692]}