{"loss": [2.305622100830078, 2.1032443046569824, 1.8953949213027954, 1.660090684890747, 1.4306384325027466, 1.2479443550109863, 1.1266485452651978, 1.0552611351013184, 1.0113662481307983, 0.991825520992279, 0.9752691984176636, 0.9565776586532593, 0.9385071992874146, 0.922590434551239, 0.9100924730300903, 0.8956772685050964, 0.8846232891082764, 0.8761637210845947, 0.8740243911743164, 0.8729386329650879], "acc": [0.6701, 0.7146, 0.7528, 0.7826, 0.8014, 0.8143, 0.8212, 0.8324, 0.841, 0.8479, 0.8549, 0.8602, 0.8644, 0.8669, 0.8675, 0.8688, 0.8694, 0.87, 0.8705, 0.8708]}