{"loss": [1.6494018673896789, 0.5962331920862198, 0.37572768131891887, 0.27953593830267587, 0.2249686638514201, 0.18701200435558954, 0.16431670859456063, 0.14700650895635287, 0.13112898593147596, 0.11875506589810053, 0.10888850639263789, 0.10183522030711174, 0.09585811992486318, 0.09110381379723549, 0.08575219934185346, 0.08333405355612437, 0.08125992119312286, 0.07871152448157469, 0.07917982575794061, 0.07759801062444846], "acc": [0.7701, 0.8894, 0.9223, 0.9375, 0.9487, 0.9548, 0.9585, 0.9621, 0.9627, 0.9649, 0.9677, 0.9683, 0.9692, 0.9705, 0.9707, 0.9714, 0.9716, 0.9722, 0.9715, 0.9714]}