{"loss": [1.6852764268716176, 0.6202330688635508, 0.37722419599692025, 0.25737213442722956, 0.1797474796573321, 0.1396034983297189, 0.1151887925962607, 0.09221075971921285, 0.07899621278047561, 0.0663147322833538, 0.057977165654301645, 0.051692377775907516, 0.050140536452333136, 0.042523460711042085, 0.04120246122280757, 0.038295611801246805, 0.03376764350881179, 0.031624887511134146, 0.030193018540740014, 0.029031011710564294], "acc": [0.7208, 0.891, 0.9301, 0.9515, 0.9596, 0.9679, 0.9688, 0.9734, 0.9745, 0.977, 0.9752, 0.9775, 0.9772, 0.9752, 0.9784, 0.9783, 0.9797, 0.9769, 0.9783, 0.9805]}