{"baseline": {"loss": [0.4729652217329184, 0.20827199740291658, 0.15184851589678192, 0.11868503610236145, 0.09580269495327114, 0.08200332266725362, 0.06988423817040426, 0.05912379023166242, 0.0525594591997119, 0.04590701596684325, 0.04062925145275263, 0.03605950561695611, 0.033419052831583355, 0.029588005105433152, 0.025911006039313313, 0.023541240617997748, 0.021922113796098354, 0.018876091019858095, 0.01854720875123905, 0.016854999914745747, 0.01568142432711526, 0.015036897175156745, 0.014328018074694113, 0.013244782067546899, 0.012532357937317025, 0.012559557289126139, 0.011856259763372868, 0.011973494610994674, 0.011890268082196054, 0.011427213925111698], "acc": [0.9376, 0.9536, 0.9636, 0.9685, 0.9742, 0.9755, 0.9783, 0.9772, 0.98, 0.9803, 0.9818, 0.9807, 0.9827, 0.9822, 0.9828, 0.9833, 0.9827, 0.984, 0.984, 0.9837, 0.9839, 0.9834, 0.9833, 0.9832, 0.9832, 0.9831, 0.9829, 0.9828, 0.9828, 0.9827]}, "pfn": {"loss": [0.46288406045070846, 0.16135959506932415, 0.10677908043533976, 0.08077522558666496, 0.06373906716220835, 0.05252501208395727, 0.04279820680710624, 0.03604994571359673, 0.031908400031104525, 0.027466329777968732, 0.022922676063356434, 0.020592562485837997, 0.018174531808466034, 0.015861811845593512, 0.015192243660351688, 0.012811090857053531, 0.011622726706543322, 0.011530259811599714, 0.010308343204093396, 0.008868068616984581, 0.009332459691359738, 0.007314315578025581, 0.007524474524035234, 0.007866964626066977, 0.0054560699434403935, 0.005146284663107056, 0.005828026314712522, 0.005014025350092857, 0.0045910181745638145, 0.00319828814158941], "acc": [0.942, 0.9673, 0.9733, 0.9764, 0.98, 0.9803, 0.9811, 0.982, 0.9814, 0.9807, 0.9844, 0.9821, 0.9826, 0.9835, 0.9825, 0.9828, 0.9834, 0.9837, 0.9835, 0.9832, 0.9845, 0.9842, 0.983, 0.9844, 0.9852, 0.984, 0.9841, 0.985, 0.9836, 0.9849]}}