{"loss": [2.1731500069300336, 1.5483322580655416, 1.0779756625493369, 0.7312505662441253, 0.5278858641783396, 0.3936782211065292, 0.32155879934628806, 0.276843631764253, 0.24858871946732203, 0.23220065782467525, 0.2152780532836914, 0.20243700246016186, 0.19587782124678293, 0.19134304771820704, 0.18928637901941936], "acc": [0.3126, 0.4931, 0.6801, 0.8127, 0.8698, 0.8961, 0.9067, 0.924, 0.9193, 0.9287, 0.9361, 0.9364, 0.9393, 0.9395, 0.939]}