{"loss": [2.201144250233968, 1.7591740250587464, 1.3950729489326477, 1.2580204804738362, 0.968071476618449, 0.7715217490990957, 0.8266805827617645, 0.8062343875567118, 0.5278770436843236, 0.44449557960033415, 0.39161385695139567, 0.3460763245820999, 0.2801270951827367, 0.24492543439070383, 0.21432180901368458], "acc": [0.2195, 0.3719, 0.4298, 0.5891, 0.7001, 0.774, 0.5496, 0.8189, 0.8188, 0.8685, 0.8851, 0.9154, 0.9199, 0.9252, 0.8933]}