{"loss": [2.21181583404541, 1.7562424540519714, 1.2834545373916626, 1.0116841495037079, 0.917934000492096, 0.8867534399032593, 0.877830445766449, 0.8703027367591858, 0.8262443840503693, 0.7999672889709473, 0.7926035523414612, 0.7618096768856049, 0.7514654695987701, 0.7553576529026031, 0.7758136689662933], "acc": [0.7477, 0.7891, 0.8187, 0.8322, 0.8568, 0.8677, 0.8697, 0.8772, 0.8816, 0.8811, 0.8822, 0.8842, 0.8863, 0.888, 0.8884]}