{"loss": [2.2228857278823853, 1.7921054363250732, 1.329606056213379, 1.0388396680355072, 0.9475496411323547, 0.9258933961391449, 0.8914431035518646, 0.8484013378620148, 0.8215719163417816, 0.8017699122428894, 0.7790026664733887, 0.7357088327407837, 0.7246307134628296, 0.695390373468399, 0.680218905210495], "acc": [0.7348, 0.7895, 0.8317, 0.8396, 0.8557, 0.8618, 0.8714, 0.8771, 0.8808, 0.8852, 0.8877, 0.8928, 0.8953, 0.8984, 0.8985]}