{"baseline": {"loss": [0.21798892551139473, 0.09761360765043606, 0.06982947745795316, 0.05156921089164166, 0.039777557761259456, 0.028609190763446934, 0.021787549052308047, 0.016122206605212297, 0.013668470591781284, 0.011566394254185958], "acc": [0.9703, 0.9751, 0.9788, 0.9823, 0.9832, 0.9832, 0.9845, 0.9846, 0.9849, 0.9852]}, "pfn": {"loss": [0.21411318069836224, 0.10119527443322038, 0.07674249079126094, 0.058115770072261215, 0.0499509786988404, 0.04278770353007656, 0.039402004844669915, 0.0323190416724705, 0.02919407036485099, 0.028080379799641828], "acc": [0.9681, 0.9762, 0.978, 0.9802, 0.9813, 0.981, 0.9792, 0.9823, 0.9837, 0.9818]}}