{"baseline": {"loss": [4.125146378641543, 3.7804817025313904], "acc": [0.1294, 0.1657]}, "pfn": {"loss": [4.048905364082902, 3.5590944454798], "acc": [0.1273, 0.1862]}}