{"baseline": {"loss": [1.9907023449383123, 1.7252614299964417, 1.5620369280085844, 1.4214301505661986, 1.2927365726827051, 1.1847716868685945, 1.0968907101989707, 1.0256318750283908, 0.9672359061972869, 0.9246488481836246, 0.8774397325942583, 0.8326641121483824, 0.789197867178856, 0.7524332815728834, 0.7224384902230919, 0.6824405957061006, 0.6507136566407236, 0.6221661145424904, 0.5951500684404007, 0.5696477550069999, 0.5466182658739407, 0.5269773915753035, 0.5095350854384625, 0.49375601520623696, 0.4762457656433515, 0.4605808783217769, 0.44375727815396343, 0.4275488507412279, 0.41397383858633163, 0.39991472417588736, 0.3910671727889029, 0.3776673700498498, 0.36946046116102077, 0.3570297945795767, 0.34723382208810744, 0.33771311245915836, 0.3285892835587187, 0.318888579831099, 0.31619548305983436, 0.3057169290759679, 0.2983902491953062, 0.2972915181342293, 0.2889070690364179, 0.28420977645060597, 0.2816175819205506, 0.27886851760737424, 0.2776255800634089, 0.2771982248977322, 0.27503411883435896, 0.27327107319898924], "acc": [0.2565, 0.3985, 0.4435, 0.5026, 0.5497, 0.5992, 0.6361, 0.6283, 0.6743, 0.6821, 0.7087, 0.7074, 0.716, 0.7139, 0.7385, 0.7603, 0.7691, 0.7757, 0.7825, 0.7922, 0.7945, 0.8054, 0.7968, 0.8082, 0.8028, 0.8192, 0.8212, 0.8203, 0.8252, 0.8336, 0.8283, 0.8346, 0.8276, 0.8405, 0.8336, 0.8355, 0.842, 0.8441, 0.8457, 0.8433, 0.8453, 0.8447, 0.8478, 0.8461, 0.8463, 0.8484, 0.8478, 0.8469, 0.8476, 0.8477]}, "pfn": {"loss": [1.9815964741475136, 1.7095320157687683, 1.5794879911500779, 1.4265799174833176, 1.2988269649198294, 1.1798651181828335, 1.0718586042409053, 1.0049163119872209, 0.9277429920633126, 0.8638283869494563, 0.8067653545028414, 0.7568471706126962, 0.7102219713923267, 0.6709860349097825, 0.6321857007568145, 0.6084975645975079, 0.5739760221270345, 0.5503133144372564, 0.5326905640037468, 0.5104784856519431, 0.48714930733756334, 0.47531169729159617, 0.4532078504562378, 0.43871256488058574, 0.42386193028496355, 0.41185863632375325, 0.39815780467084605, 0.3856910787656179, 0.3708826499750547, 0.3616294919910943, 0.3482323182208459, 0.3349871983384842, 0.3256948501100321, 0.31848686510492163, 0.31097358865353764, 0.29634000591533566, 0.28018600529874377, 0.27642931219409494, 0.2732507439754198, 0.2558747816573628, 0.25118454902068427, 0.24097585032129532, 0.2296195274499981, 0.21924244513368363, 0.20552822465405746, 0.19582473409488377, 0.1881724669576606, 0.17735095131580178, 0.1621522733946438, 0.14807422336219522], "acc": [0.3251, 0.398, 0.4635, 0.5135, 0.5297, 0.5918, 0.6009, 0.6595, 0.6602, 0.7118, 0.7314, 0.7325, 0.7556, 0.7552, 0.7751, 0.7769, 0.7754, 0.7995, 0.7948, 0.7891, 0.8047, 0.8135, 0.8237, 0.8175, 0.8305, 0.8282, 0.8246, 0.8334, 0.8379, 0.8442, 0.8327, 0.8442, 0.8494, 0.842, 0.8372, 0.8472, 0.849, 0.8517, 0.8495, 0.8337, 0.8488, 0.8544, 0.8495, 0.846, 0.859, 0.8632, 0.8525, 0.8589, 0.8604, 0.8612]}}