{"loss": [2.2978506088256836, 2.0890445709228516, 1.8642452955245972, 1.6228384971618652, 1.4021905660629272, 1.232075572013855, 1.1236499547958374, 1.0576093196868896, 1.0212929248809814, 0.9991187453269958, 0.9870860576629639, 0.9735273718833923, 0.9678646922111511, 0.9623174667358398, 0.961290180683136], "acc": [0.639, 0.7093, 0.7402, 0.7755, 0.801, 0.8084, 0.8215, 0.8304, 0.8356, 0.8372, 0.841, 0.8441, 0.8453, 0.8464, 0.8468]}