{"loss": [2.3026351928710938, 2.1078505516052246, 1.8988789319992065, 1.6601593494415283, 1.4341230392456055, 1.254655122756958, 1.109103798866272, 1.0298722982406616, 0.9954409003257751, 0.9742453694343567, 0.9596324563026428, 0.9381312131881714, 0.9227498173713684, 0.9102256298065186, 0.9087315797805786], "acc": [0.6651, 0.742, 0.7652, 0.783, 0.8001, 0.8203, 0.8298, 0.8353, 0.8435, 0.8474, 0.8559, 0.8603, 0.8638, 0.866, 0.8666]}