{"baseline": {"loss": [1.9962105144320241, 1.7638091007461938, 1.675754466630004, 1.616575602680216, 1.5721363512146505, 1.5349725091548831, 1.4988477242267346, 1.469949138438915, 1.4436034869659893, 1.4189269981725747, 1.4010657931837585, 1.3825496755292654, 1.3652714067103002, 1.3556589988796302, 1.342309131646705, 1.3325735034845065, 1.3228341780050332, 1.3105245517647786, 1.3007234679463575, 1.2973410037472426, 1.2904867427733244, 1.2852349250822726, 1.2807443306574127, 1.2779045867188203, 1.276722126299768, 1.2741021558146952, 1.269429824846175, 1.2692669681880786, 1.2669587787764762, 1.2677699601863657], "acc": [0.3575, 0.387, 0.4046, 0.4363, 0.4518, 0.462, 0.4705, 0.4903, 0.5015, 0.502, 0.51, 0.5099, 0.5167, 0.5295, 0.5135, 0.5329, 0.5349, 0.5348, 0.5381, 0.5405, 0.5501, 0.5462, 0.5535, 0.5512, 0.5499, 0.5459, 0.5512, 0.5497, 0.5504, 0.55]}, "pfn": {"loss": [1.9988220606923408, 1.7555189010737193, 1.636502044889933, 1.539103137562647, 1.46958717086431, 1.4174005055366574, 1.371864485008942, 1.3337086384253733, 1.3027245397762874, 1.2740107793027482, 1.2491662264480006, 1.2296925080401817, 1.208330148778608, 1.1949176954491365, 1.175300991748605, 1.158911751054437, 1.1479715762845695, 1.1284206241293027, 1.1170673227066275, 1.1054781954306776, 1.090994540687717, 1.0822253798889687, 1.0775754127051214, 1.0695661608215488, 1.0565055880095342, 1.0446600484116304, 1.0379468169053803, 1.0222971942418677, 1.0196953306112753, 1.0029226858597582], "acc": [0.357, 0.3838, 0.4412, 0.4731, 0.4888, 0.5162, 0.5155, 0.5457, 0.5577, 0.54, 0.5702, 0.5666, 0.5811, 0.5799, 0.5809, 0.5815, 0.5911, 0.6045, 0.6024, 0.6185, 0.6218, 0.6164, 0.6266, 0.6213, 0.6306, 0.6318, 0.6434, 0.6416, 0.6492, 0.6412]}}