{"baseline": {"loss": [4.354757700429853, 4.084961541168525, 3.95307744738391, 3.841058674980612, 3.752828794367173, 3.6769712873736915, 3.6131841868085934, 3.5585577579410486, 3.508828033266775, 3.467107416113929, 3.423341373043597, 3.389712169042329, 3.3586418055512413, 3.324725155940141, 3.2977217469373934, 3.2715575652354207, 3.2470705850654857, 3.223515728855377, 3.1984308912321127, 3.1792401133290946, 3.158534336577901, 3.1376601533816597, 3.1227226732941844, 3.104244273032069, 3.088685291197599, 3.0768255534989146, 3.0665965708320404, 3.050914803429333, 3.042432242342273, 3.0271129376443144, 3.019895167606871, 3.012335820576114, 3.0044617963873823, 2.9982933168825894, 2.992506026002147, 2.984498013011025, 2.979527972238448, 2.9742879038271695, 2.9680448358930893, 2.967277939667177, 2.9629774868030987, 2.95648910261481, 2.9572984660068133, 2.9536085269030403, 2.951687030475158, 2.949209969976674, 2.949112224456904, 2.949419794180204, 2.95094837313113, 2.9501102976786817], "acc": [0.0686, 0.096, 0.1112, 0.1274, 0.1336, 0.1498, 0.1564, 0.1629, 0.1777, 0.1817, 0.1942, 0.193, 0.1975, 0.2014, 0.2146, 0.2106, 0.2129, 0.2156, 0.2227, 0.2287, 0.2329, 0.2388, 0.2388, 0.2373, 0.2352, 0.2445, 0.2435, 0.2432, 0.2447, 0.2475, 0.2488, 0.2497, 0.2481, 0.2551, 0.2526, 0.2615, 0.2601, 0.2612, 0.259, 0.2595, 0.2617, 0.259, 0.2625, 0.2588, 0.2617, 0.2615, 0.2619, 0.2609, 0.2618, 0.2616]}, "pfn": {"loss": [4.350635076117943, 4.076168685922842, 3.899816198422171, 3.7598857379630397, 3.6487918985469263, 3.5516660341521358, 3.4620037219103645, 3.3996780077209863, 3.3375653543740587, 3.257724736352711, 3.1890818401980585, 3.120061832925548, 3.0620302312514363, 3.00941451492212, 2.9598153149685285, 2.9170133732164, 2.875867300936023, 2.8375341453210776, 2.797148164275967, 2.7650275035282537, 2.7320098383042515, 2.7034453492030464, 2.6753687151252765, 2.642223875236023, 2.6199184012839862, 2.595624301744544, 2.568251234186275, 2.546104822622236, 2.5179298454538332, 2.5041121765780634, 2.4821409496200055, 2.459835873845288, 2.44003471572076, 2.4265750289877968, 2.408629682057959, 2.3889457950811557, 2.370425826753192, 2.351691444206726, 2.341164366058681, 2.3263719441640713, 2.310878921042928, 2.295042564801853, 2.279120100428686, 2.2711178140567085, 2.263604982124875, 2.2460545185581804, 2.2316226980570333, 2.20694324579995, 2.1932185132180333, 2.167830388564283], "acc": [0.0676, 0.0946, 0.1212, 0.1334, 0.1581, 0.1655, 0.1852, 0.1898, 0.2146, 0.2104, 0.2278, 0.234, 0.2431, 0.2558, 0.2666, 0.2677, 0.2711, 0.2836, 0.2896, 0.3022, 0.2956, 0.3023, 0.3198, 0.3265, 0.3339, 0.318, 0.3379, 0.3445, 0.3514, 0.3448, 0.3555, 0.3592, 0.3587, 0.3613, 0.3591, 0.3732, 0.3705, 0.379, 0.3753, 0.373, 0.3843, 0.3897, 0.3955, 0.3905, 0.3922, 0.395, 0.3998, 0.3935, 0.3957, 0.4046]}}