{"baseline": {"loss": [1.9283467252236193, 1.700161738773746, 1.6065527307407936, 1.5442136292872222, 1.494926225193931, 1.4550165642252968, 1.4179557798158786, 1.3841671675367428, 1.3530278436058318, 1.3271278268693354, 1.3085314016360456, 1.2847264399156546, 1.2674422584988576, 1.2501529670889726, 1.2310385156013166, 1.2217942529627124, 1.2031315738892616, 1.1889329788934848, 1.1780935709586229, 1.16443165976678, 1.15129993539637, 1.1460627809052577, 1.1364748959651079, 1.122231218668506, 1.1157718835127017, 1.1051450925105064, 1.0992645217329644, 1.0932466483024685, 1.085048562349261, 1.0786694987198275, 1.0745137305668249, 1.066966963393609, 1.0622692639413087, 1.0595986663228105, 1.0550823543230285, 1.0537688382293866, 1.048856522039989, 1.0482974707165642, 1.0419084746057115, 1.0378615076432143, 1.0375869519570295, 1.0368440129110574, 1.034690319043596, 1.0352922078898497, 1.029695199045074, 1.0334484594709732, 1.028521085334251, 1.0278033555468635, 1.0288689568676912, 1.0287406074116603], "acc": [0.3711, 0.4144, 0.4499, 0.4671, 0.4784, 0.4936, 0.5085, 0.52, 0.5283, 0.5422, 0.5528, 0.5469, 0.5615, 0.5684, 0.5656, 0.5741, 0.5882, 0.5846, 0.5825, 0.587, 0.5948, 0.6004, 0.5936, 0.6062, 0.5886, 0.6113, 0.6125, 0.6163, 0.6218, 0.6235, 0.6182, 0.6236, 0.6235, 0.6192, 0.6257, 0.6294, 0.6308, 0.6286, 0.6281, 0.6298, 0.6315, 0.6352, 0.6367, 0.6341, 0.6352, 0.6363, 0.6363, 0.6356, 0.6362, 0.6357]}, "pfn": {"loss": [1.9258496506744638, 1.6450044691105328, 1.5062199201425324, 1.4209572921323654, 1.353001358106618, 1.3042235529941062, 1.2640669233811177, 1.2266479620085957, 1.191276081077888, 1.168114239450001, 1.1429547426645712, 1.115826742423465, 1.0957148137604793, 1.0745804217617836, 1.0571101143994295, 1.0382999953863872, 1.0247379033766744, 1.0032965127007125, 0.989186866585251, 0.9719815863977612, 0.964304576749387, 0.9450217767444717, 0.9320864473157526, 0.9222868450005036, 0.9117131898622683, 0.8992963190121419, 0.8855637444559571, 0.8753924897640867, 0.8580464426513827, 0.8540291412712058, 0.8466720227390299, 0.8315989751645061, 0.8228620704253922, 0.8170751929664246, 0.8071293072474887, 0.7978186856602769, 0.7893874797674701, 0.7821049344204271, 0.7723720124005662, 0.768638076684664, 0.7574975224178465, 0.7489581151920206, 0.7439471390622351, 0.736605136633834, 0.7279278876455239, 0.722092327292618, 0.7163868868518668, 0.7108958839531749, 0.7021787141823708, 0.6891011949009298], "acc": [0.3555, 0.4363, 0.4777, 0.5235, 0.5227, 0.5357, 0.56, 0.5705, 0.5763, 0.5943, 0.5998, 0.5966, 0.6058, 0.6133, 0.6285, 0.6287, 0.6461, 0.65, 0.6499, 0.661, 0.6574, 0.6663, 0.669, 0.6642, 0.6775, 0.6831, 0.6866, 0.6813, 0.6879, 0.6896, 0.6915, 0.6808, 0.7022, 0.7123, 0.7096, 0.7091, 0.7116, 0.7071, 0.716, 0.7126, 0.7137, 0.7068, 0.7216, 0.7283, 0.735, 0.7171, 0.7371, 0.7332, 0.7341, 0.7368]}}