{"baseline": {"loss": [2.0637278514248982, 1.8378489844653072, 1.7404639799984134, 1.684389872818577, 1.6500808900716353, 1.61055811388152, 1.584657306573829, 1.552835396357945, 1.534241025545159, 1.5106656295912606, 1.4953465023819281, 1.483529201575688, 1.4633273196463683, 1.4531727871116327, 1.4379567315383834, 1.4242427543717988, 1.4171557469027383, 1.4039087131315349, 1.3919956489485137, 1.3825140923869854, 1.3788905782358987, 1.3682929970780198, 1.3596984737989855, 1.3525926209225947, 1.3489879290668332, 1.3426194762697026, 1.3336659189389677, 1.3316698883261, 1.3229681885972315, 1.3193645100204312, 1.3136215574887333, 1.3105749122950496, 1.3085107663456275, 1.3064201863444582, 1.3040553763204692, 1.2983176732549861, 1.2966139955180032, 1.294906782252448, 1.2900968832629067, 1.2893352806568146, 1.2908150845644426, 1.2873682866291123, 1.2887605410449359, 1.2866172668885212, 1.285576190875501, 1.283808239868709, 1.2824915696163566, 1.282054888350623, 1.2838419694073346, 1.2828567940361646], "acc": [0.3271, 0.3539, 0.3892, 0.4105, 0.4196, 0.4288, 0.4423, 0.4545, 0.4573, 0.4672, 0.4711, 0.4859, 0.4874, 0.4874, 0.5, 0.5002, 0.4996, 0.5027, 0.5137, 0.5155, 0.519, 0.5206, 0.5218, 0.5095, 0.5286, 0.5213, 0.5339, 0.5309, 0.5342, 0.5355, 0.5381, 0.5361, 0.5449, 0.541, 0.5473, 0.5426, 0.5469, 0.5431, 0.5474, 0.5444, 0.5448, 0.5453, 0.5477, 0.5481, 0.5482, 0.5489, 0.5488, 0.5489, 0.548, 0.5486]}, "pfn": {"loss": [2.2967154681682587, 2.269597053527832, 2.244852364063263, 2.222602516412735, 2.1941276490688324, 2.179738998413086, 2.1567429900169373, 2.138222813606262, 2.1275682747364044, 2.1229184567928314, 2.104365736246109, 2.1008386313915253, 2.089872032403946, 2.0827643275260925, 2.0718184411525726, 2.0698001980781555, 2.059803694486618, 2.061232954263687, 2.0596776604652405, 2.047363728284836, 2.044962376356125, 2.0314297676086426, 2.0301420390605927, 2.025585502386093, 2.0265573114156723, 2.022847667336464, 2.0193838328123093, 2.0154662281274796, 2.010014921426773, 2.0039234459400177, 2.001772627234459, 1.999393567442894, 1.9931583851575851, 1.9961988180875778, 1.9952054917812347, 1.9920706003904343, 1.9875985383987427, 1.9880496263504028, 1.9897226244211197, 1.9850116968154907, 1.9943728297948837, 1.9842705130577087, 1.9787534773349762, 1.9815990328788757, 1.987439513206482, 1.9848611950874329, 1.9858514070510864, 1.9782320708036423, 1.9801511466503143, 1.9788670092821121], "acc": [0.1505, 0.1772, 0.2, 0.2011, 0.2148, 0.2177, 0.2274, 0.2398, 0.2415, 0.2587, 0.2429, 0.2576, 0.2648, 0.2668, 0.2631, 0.2856, 0.2857, 0.2793, 0.2897, 0.2907, 0.2906, 0.2997, 0.2988, 0.2919, 0.2997, 0.3042, 0.3054, 0.3092, 0.3069, 0.3099, 0.3151, 0.3131, 0.3133, 0.3136, 0.3141, 0.3209, 0.3163, 0.3188, 0.3221, 0.3203, 0.3183, 0.3178, 0.3219, 0.321, 0.3207, 0.3204, 0.3207, 0.3204, 0.3207, 0.3208]}}