{"baseline": {"loss": [0.8509999446233114, 0.3112951080560684, 0.2190871640940507, 0.17674740173369646, 0.14399298485840362, 0.1266467604863147, 0.10992841925037404, 0.09744564591149489, 0.0875290147524327, 0.07665747258299961, 0.06987145556962739, 0.06385642050448805, 0.0565786171970889, 0.051903901428263635, 0.04766874794270843, 0.0435515781693471, 0.03961494583701715, 0.03696278140284121, 0.033349551337212326, 0.03132573692070631, 0.028729420872878594, 0.02900908587265294, 0.026362209738678453, 0.024924046785599785, 0.022901924958545716, 0.022773502085654762, 0.02299227342835317, 0.021639136518984258, 0.022408625582787986, 0.021601589958645247], "acc": [0.9018, 0.9386, 0.9501, 0.9582, 0.9595, 0.9664, 0.9677, 0.97, 0.9713, 0.9716, 0.9718, 0.9712, 0.9725, 0.9731, 0.9731, 0.9745, 0.9737, 0.9745, 0.9754, 0.9745, 0.9751, 0.9741, 0.9759, 0.9746, 0.9752, 0.9753, 0.9754, 0.9757, 0.9753, 0.9754]}, "pfn": {"loss": [0.8114024419109026, 0.3038345726490021, 0.21756810338596502, 0.16943019533852735, 0.13702583741396665, 0.11587428214500348, 0.10032841385888557, 0.08841383903262516, 0.07904805510062725, 0.07118635173933581, 0.062488603353189925, 0.05708928871378303, 0.05354623251389712, 0.04649826600756496, 0.045151097920847434, 0.03961165157256959, 0.03703685141135939, 0.035061739292298444, 0.031892497157189066, 0.02863272109066602, 0.02963526062646803, 0.028279369670552355, 0.025719123556585205, 0.02204376001470179, 0.02147775540352838, 0.022334293616970535, 0.018304781847476262, 0.016907071941689354, 0.016579557715020687, 0.01381944357161313], "acc": [0.905, 0.9364, 0.9539, 0.9602, 0.9669, 0.968, 0.969, 0.9727, 0.9726, 0.9742, 0.9749, 0.9758, 0.9751, 0.9763, 0.9768, 0.9779, 0.9783, 0.9782, 0.977, 0.9776, 0.978, 0.9784, 0.9771, 0.9789, 0.9795, 0.978, 0.9793, 0.9792, 0.9805, 0.9799]}}