{"loss": [2.2862974802652993, 1.7209206104278565, 1.3063191612561544, 0.9954015632470449, 0.7709025979042053, 0.6500840008258819, 0.5564925869305929, 0.4894801497459412, 0.4499075412750244, 0.4208284646272659, 0.3985601842403412, 0.3864771544933319, 0.37635000348091124, 0.3706752558549245, 0.3675002227226893], "acc": [0.144, 0.4075, 0.6025, 0.7221, 0.7811, 0.823, 0.8508, 0.8678, 0.875, 0.8846, 0.8878, 0.8923, 0.8946, 0.8944, 0.895]}