{"loss": [2.2961367686589558, 1.5806303342183432, 1.0053861459096274, 0.8323736071586609, 0.6883482277393341, 0.5889002134402593, 0.6444957911968231, 0.5371127833922704, 0.4176913638909658, 0.3763606041669846, 0.34476617674032844, 0.3161030222972234, 0.29119285345077517, 0.26646515876054766, 0.24834689150253933], "acc": [0.2523, 0.5685, 0.6688, 0.7486, 0.7953, 0.8355, 0.7751, 0.8638, 0.8774, 0.8869, 0.9012, 0.9059, 0.9159, 0.9203, 0.9225]}