{"loss": [0.6878372400999069, 0.25206027428309125, 0.17700959419210752, 0.13580059334635736, 0.10770111829042435, 0.0894759900867939, 0.07502173433701197, 0.06611502667268117, 0.058469105139374734, 0.05290884214142958, 0.049527888124187784, 0.04579703149696191, 0.04393686689436436, 0.04260479745765527, 0.041770878806710245], "acc": [0.9102, 0.9411, 0.9529, 0.9639, 0.9662, 0.9706, 0.9715, 0.9747, 0.9754, 0.9752, 0.9758, 0.9763, 0.9766, 0.9765, 0.9765]}