{"loss": [0.6904212186733881, 0.254211051762104, 0.17775449603796006, 0.13549627860387167, 0.10759936446944872, 0.08553560972213745, 0.07027687827746074, 0.06116892074545224, 0.04949696051577727, 0.042183519527316096, 0.03636252774546544, 0.031925886496901514, 0.026107587851583958, 0.02161652718981107, 0.01898878747597337], "acc": [0.9127, 0.941, 0.9537, 0.9634, 0.9691, 0.9706, 0.974, 0.9738, 0.9766, 0.9788, 0.9776, 0.9799, 0.9799, 0.9801, 0.9804]}