{"baseline": {"loss": [1.4305552749530128, 1.1340492159661735, 1.0107801321827237, 0.9267973800373199, 0.8582913200263782, 0.8092198354737533, 0.7610937736528304, 0.7233183737606039, 0.6905141863447931, 0.6631115071304009, 0.6364390791758247, 0.6094669231292232, 0.5886849255665488, 0.5691438080252283, 0.5496952181200847, 0.5343768959078947, 0.5185432402640963, 0.5016427655011186, 0.4902680038529284, 0.4744897318618072, 0.46305244562723447, 0.4534140157196528, 0.44199053676384487, 0.43901919066677314, 0.4340319338509494, 0.4246290057440243, 0.42043593636406656, 0.41715307508969246, 0.4128615777091602, 0.4120148882231749], "acc": [0.5465, 0.605, 0.6473, 0.6729, 0.7125, 0.6991, 0.699, 0.7215, 0.7121, 0.7411, 0.7251, 0.7453, 0.7726, 0.7805, 0.7837, 0.7963, 0.7974, 0.8115, 0.8056, 0.8118, 0.8165, 0.8171, 0.8234, 0.8282, 0.8264, 0.8251, 0.8281, 0.8279, 0.8306, 0.8307]}, "pfn": {"loss": [2.2788274735212326, 2.2068815007805824, 2.1519384160637856, 2.115829523652792, 2.0999057963490486, 2.0855533219873905, 2.0701555646955967, 2.0549591593444347, 2.039088912308216, 2.0439801700413227, 2.0056538432836533, 2.006118219345808, 1.9956573508679867, 1.9887707978487015, 1.983879279345274, 1.9641998000442982, 1.9669877924025059, 1.9542331397533417, 1.9451939798891544, 1.9340501949191093, 1.9310009106993675, 1.9302338100969791, 1.924376580864191, 1.9177891537547112, 1.9200340323150158, 1.9178999103605747, 1.8987947590649128, 1.9037668704986572, 1.910355370491743, 1.8997744284570217], "acc": [0.1889, 0.1941, 0.2196, 0.2228, 0.2379, 0.2509, 0.2428, 0.2925, 0.2782, 0.2871, 0.304, 0.299, 0.3135, 0.3243, 0.3084, 0.3328, 0.3338, 0.3314, 0.3358, 0.3359, 0.3486, 0.3504, 0.3473, 0.3576, 0.3531, 0.3537, 0.3568, 0.356, 0.3535, 0.3544]}}