{"baseline": {"loss": [1.2156492764634619, 0.44284526711460875, 0.2630741884395766, 0.21527154487110914, 0.16294039113879966, 0.13106122412391183, 0.1107570140549083, 0.09330641172294106, 0.08061852079452768, 0.07334602860384372], "acc": [0.8361, 0.9057, 0.9311, 0.9443, 0.9521, 0.9516, 0.9575, 0.9606, 0.9619, 0.9623]}, "pfn": {"loss": [1.1235844485922408, 0.3003677993949288, 0.19357012696008183, 0.14978493970514997, 0.13172247084671818, 0.11493733508496491, 0.10747462845266437, 0.10095691836492689, 0.08804007410419298, 0.09020012515886967], "acc": [0.8956, 0.9318, 0.936, 0.9585, 0.9605, 0.9624, 0.9631, 0.9657, 0.9664, 0.9678]}}