{"baseline": {"loss": [0.5896863404240436, 0.24786601074214684, 0.18678830564022064, 0.15030675830998655, 0.12452265346196414, 0.10770863114294213, 0.09324601463782889, 0.0830942126892523, 0.07313905428570788, 0.06567722057173056, 0.05932071285922009, 0.05318472672230018, 0.04928633724170516, 0.04451562891473998, 0.04178646673907095, 0.03719562900635892, 0.035430031842482626, 0.03432948217302291, 0.03181129813527883, 0.030505490054422095, 0.028300496877661584, 0.027381276053541313, 0.026838707869677847, 0.02587975915481668, 0.025466429538278185, 0.02507257334806565, 0.024806411390794494, 0.024093461101815136, 0.02340432541615673, 0.0240219328607093], "acc": [0.9253, 0.9449, 0.9566, 0.9631, 0.9666, 0.9716, 0.9725, 0.9763, 0.9782, 0.9789, 0.9792, 0.9804, 0.9809, 0.9802, 0.9812, 0.9821, 0.9822, 0.9829, 0.9827, 0.9821, 0.9828, 0.9826, 0.9824, 0.9824, 0.983, 0.9831, 0.9833, 0.983, 0.9833, 0.9832]}, "pfn": {"loss": [2.2756856977939606, 2.1664528250694275, 2.051784038543701, 1.9224009215831757, 1.759820967912674, 1.6098967343568802, 1.4718791991472244, 1.3578810542821884, 1.2939627319574356, 1.2306103259325027, 1.1791573911905289, 1.1513789743185043, 1.1286766678094864, 1.1041467115283012, 1.0765148028731346, 1.0652780085802078, 1.0517288893461227, 1.0305098071694374, 1.0318048298358917, 1.0348517298698425, 1.0122825354337692, 0.9989256858825684, 1.0165387094020844, 0.9857785925269127, 1.0024428814649582, 1.0011876747012138, 0.988188236951828, 0.9971370548009872, 0.9981877356767654, 0.9993527978658676], "acc": [0.4845, 0.6668, 0.7105, 0.7173, 0.7228, 0.7394, 0.7534, 0.7741, 0.7866, 0.7953, 0.7951, 0.8126, 0.8152, 0.81, 0.8208, 0.824, 0.8237, 0.8263, 0.8289, 0.8304, 0.8314, 0.832, 0.8332, 0.8328, 0.8333, 0.8323, 0.8331, 0.833, 0.8333, 0.8332]}}